[ 1 Octubre 2009 - 2 : 7 : 59 ] ;22.979999999999997
[ 1 Octubre 2009 - 2 : 8 : 57 ] ;22.939999999999998
[ 1 Octubre 2009 - 2 : 9 : 56 ] ;22.979999999999997
[ 1 Octubre 2009 - 2 : 10 : 54 ] ;22.939999999999998
[ 1 Octubre 2009 - 2 : 11 : 52 ] ;22.92
[ 1 Octubre 2009 - 2 : 12 : 51 ] ;22.869999999999997
[ 1 Octubre 2009 - 2 : 13 : 49 ] ;22.880000000000003
[ 1 Octubre 2009 - 2 : 14 : 47 ] ;22.86
[ 1 Octubre 2009 - 2 : 15 : 46 ] ;22.82
[ 1 Octubre 2009 - 2 : 16 : 44 ] ;22.810000000000002
[ 1 Octubre 2009 - 2 : 17 : 42 ] ;22.83
[ 1 Octubre 2009 - 2 : 18 : 41 ] ;22.740000000000002
[ 1 Octubre 2009 - 2 : 19 : 31 ] ;22.799999999999997
[ 1 Octubre 2009 - 2 : 19 : 39 ] ;22.799999999999997
[ 1 Octubre 2009 - 2 : 20 : 23 ] ;22.72
[ 1 Octubre 2009 - 2 : 20 : 37 ] ;22.740000000000002
[ 1 Octubre 2009 - 2 : 20 : 58 ] ;22.659999999999997
[ 1 Octubre 2009 - 2 : 21 : 36 ] ;22.64
[ 1 Octubre 2009 - 2 : 22 : 34 ] ;22.560000000000002
[ 1 Octubre 2009 - 2 : 23 : 32 ] ;22.520000000000003
[ 1 Octubre 2009 - 2 : 24 : 31 ] ;22.380000000000003
[ 1 Octubre 2009 - 2 : 25 : 29 ] ;22.369999999999997
[ 1 Octubre 2009 - 2 : 25 : 36 ] ;22.380000000000003
[ 1 Octubre 2009 - 2 : 26 : 27 ] ;22.33
[ 1 Octubre 2009 - 2 : 28 : 24 ] ;22.259999999999998
[ 1 Octubre 2009 - 2 : 29 : 23 ] ;22.240000000000002
[ 1 Octubre 2009 - 2 : 30 : 21 ] ;22.21
[ 1 Octubre 2009 - 2 : 31 : 19 ] ;22.200000000000003
[ 1 Octubre 2009 - 2 : 32 : 17 ] ;22.21
[ 1 Octubre 2009 - 2 : 33 : 16 ] ;22.119999999999997
[ 1 Octubre 2009 - 2 : 34 : 14 ] ;22.1
[ 1 Octubre 2009 - 2 : 34 : 19 ] ;22.1
[ 1 Octubre 2009 - 2 : 34 : 24 ] ;22.1
[ 1 Octubre 2009 - 2 : 34 : 28 ] ;22.1
[ 1 Octubre 2009 - 2 : 34 : 30 ] ;22.1
[ 1 Octubre 2009 - 2 : 34 : 32 ] ;22.1
[ 1 Octubre 2009 - 2 : 35 : 12 ] ;22.08
[ 1 Octubre 2009 - 2 : 37 : 9 ] ;22.08
[ 1 Octubre 2009 - 2 : 37 : 13 ] ;22.04
[ 1 Octubre 2009 - 2 : 38 : 7 ] ;21.96
[ 1 Octubre 2009 - 2 : 39 : 6 ] ;21.97
[ 1 Octubre 2009 - 2 : 40 : 4 ] ;21.93
[ 1 Octubre 2009 - 2 : 41 : 2 ] ;21.909999999999997
[ 1 Octubre 2009 - 2 : 42 : 1 ] ;21.880000000000003
[ 1 Octubre 2009 - 2 : 42 : 59 ] ;21.92
[ 1 Octubre 2009 - 2 : 44 : 56 ] ;21.9
[ 1 Octubre 2009 - 2 : 45 : 1 ] ;21.9
[ 1 Octubre 2009 - 2 : 45 : 6 ] ;21.9
[ 1 Octubre 2009 - 2 : 45 : 10 ] ;21.9
[ 1 Octubre 2009 - 2 : 45 : 12 ] ;21.9
[ 1 Octubre 2009 - 2 : 45 : 13 ] ;21.9
[ 1 Octubre 2009 - 2 : 45 : 54 ] ;21.92
[ 1 Octubre 2009 - 2 : 46 : 52 ] ;21.9
[ 1 Octubre 2009 - 2 : 46 : 57 ] ;21.9
[ 1 Octubre 2009 - 2 : 47 : 2 ] ;21.9
[ 1 Octubre 2009 - 2 : 47 : 7 ] ;21.9
[ 1 Octubre 2009 - 2 : 47 : 8 ] ;21.9
[ 1 Octubre 2009 - 2 : 47 : 10 ] ;21.9
[ 1 Octubre 2009 - 2 : 47 : 51 ] ;21.9
[ 1 Octubre 2009 - 2 : 47 : 56 ] ;21.9
[ 1 Octubre 2009 - 2 : 48 : 1 ] ;21.9
[ 1 Octubre 2009 - 2 : 48 : 5 ] ;21.9
[ 1 Octubre 2009 - 2 : 48 : 7 ] ;21.9
[ 1 Octubre 2009 - 2 : 48 : 8 ] ;21.9
[ 1 Octubre 2009 - 2 : 48 : 49 ] ;21.92
[ 1 Octubre 2009 - 2 : 50 : 46 ] ;21.89
[ 1 Octubre 2009 - 2 : 51 : 44 ] ;21.85
[ 1 Octubre 2009 - 2 : 52 : 42 ] ;21.770000000000003
[ 1 Octubre 2009 - 2 : 53 : 41 ] ;21.799999999999997
[ 1 Octubre 2009 - 2 : 55 : 37 ] ;21.799999999999997
[ 1 Octubre 2009 - 2 : 57 : 34 ] ;21.740000000000002
[ 1 Octubre 2009 - 2 : 58 : 32 ] ;21.759999999999998
[ 1 Octubre 2009 - 2 : 59 : 31 ] ;21.72
[ 1 Octubre 2009 - 3 : 0 : 29 ] ;21.83
[ 1 Octubre 2009 - 3 : 1 : 27 ] ;21.72
[ 1 Octubre 2009 - 3 : 2 : 26 ] ;21.700000000000003
[ 1 Octubre 2009 - 3 : 3 : 24 ] ;21.72
[ 1 Octubre 2009 - 3 : 5 : 21 ] ;21.67
[ 1 Octubre 2009 - 3 : 6 : 19 ] ;21.729999999999997
[ 1 Octubre 2009 - 3 : 7 : 17 ] ;21.78
[ 1 Octubre 2009 - 3 : 8 : 16 ] ;21.740000000000002
[ 1 Octubre 2009 - 3 : 9 : 14 ] ;21.72
[ 1 Octubre 2009 - 3 : 10 : 39 ] ;21.65
[ 1 Octubre 2009 - 3 : 21 : 33 ] ;21.61
[ 1 Octubre 2009 - 3 : 23 : 27 ] ;21.58
[ 1 Octubre 2009 - 3 : 25 : 28 ] ;21.590000000000003
[ 1 Octubre 2009 - 3 : 26 : 26 ] ;21.65
[ 1 Octubre 2009 - 3 : 27 : 25 ] ;21.57
[ 1 Octubre 2009 - 3 : 34 : 28 ] ;21.119999999999997
[ 1 Octubre 2009 - 3 : 35 : 26 ] ;21.14
[ 1 Octubre 2009 - 3 : 37 : 6 ] ;21.380000000000003
[ 1 Octubre 2009 - 3 : 38 : 4 ] ;21.61
[ 1 Octubre 2009 - 3 : 39 : 3 ] ;21.840000000000003
[ 1 Octubre 2009 - 3 : 40 : 1 ] ;21.979999999999997
[ 1 Octubre 2009 - 3 : 41 : 0 ] ;22.240000000000002
[ 1 Octubre 2009 - 3 : 41 : 58 ] ;22.64
[ 1 Octubre 2009 - 3 : 42 : 56 ] ;22.520000000000003
[ 1 Octubre 2009 - 3 : 43 : 55 ] ;22.32
[ 1 Octubre 2009 - 3 : 44 : 53 ] ;22.090000000000003
[ 1 Octubre 2009 - 3 : 55 : 32 ] ;22.11
[ 1 Octubre 2009 - 3 : 56 : 31 ] ;22.020000000000003
[ 1 Octubre 2009 - 4 : 2 : 0 ] ;24.020000000000003
[ 1 Octubre 2009 - 4 : 2 : 58 ] ;24.240000000000002
[ 1 Octubre 2009 - 4 : 3 : 59 ] ;24.550000000000004
[ 1 Octubre 2009 - 4 : 5 : 55 ] ;25.729999999999997
[ 1 Octubre 2009 - 4 : 7 : 39 ] ;26.119999999999997
[ 1 Octubre 2009 - 4 : 8 : 37 ] ;26.15
[ 1 Octubre 2009 - 4 : 21 : 28 ] ;26.360000000000007
[ 1 Octubre 2009 - 4 : 22 : 27 ] ;26.43
[ 1 Octubre 2009 - 4 : 23 : 25 ] ;26.410000000000004
[ 1 Octubre 2009 - 4 : 24 : 23 ] ;26.04
[ 1 Octubre 2009 - 4 : 25 : 6 ] ;25.860000000000007
[ 1 Octubre 2009 - 4 : 25 : 42 ] ;25.71
[ 1 Octubre 2009 - 4 : 26 : 41 ] ;25.330000000000005
[ 1 Octubre 2009 - 4 : 27 : 53 ] ;24.999999999999993
[ 1 Octubre 2009 - 4 : 28 : 35 ] ;24.889999999999993
[ 1 Octubre 2009 - 4 : 30 : 32 ] ;24.54
[ 1 Octubre 2009 - 4 : 31 : 51 ] ;24.279999999999994
[ 1 Octubre 2009 - 4 : 34 : 39 ] ;23.83
[ 1 Octubre 2009 - 4 : 35 : 49 ] ;23.659999999999997
[ 1 Octubre 2009 - 4 : 40 : 32 ] ;23.299999999999997
[ 1 Octubre 2009 - 4 : 41 : 31 ] ;23.22
[ 1 Octubre 2009 - 4 : 44 : 13 ] ;23.11
[ 1 Octubre 2009 - 4 : 45 : 11 ] ;23.1
[ 1 Octubre 2009 - 5 : 16 : 28 ] ;22.509999999999998
[ 1 Octubre 2009 - 5 : 17 : 27 ] ;22.560000000000002
[ 1 Octubre 2009 - 6 : 23 : 46 ] ;22.130000000000003
[ 1 Octubre 2009 - 6 : 24 : 16 ] ;22.08
[ 1 Octubre 2009 - 6 : 24 : 39 ] ;22.07
[ 1 Octubre 2009 - 6 : 25 : 27 ] ;22.1
[ 1 Octubre 2009 - 6 : 25 : 44 ] ;22.119999999999997
[ 1 Octubre 2009 - 6 : 26 : 47 ] ;22.08
[ 1 Octubre 2009 - 6 : 27 : 57 ] ;22.0
[ 1 Octubre 2009 - 6 : 28 : 28 ] ;22.1
[ 1 Octubre 2009 - 6 : 28 : 34 ] ;22.1
[ 1 Octubre 2009 - 6 : 28 : 38 ] ;22.1
[ 1 Octubre 2009 - 6 : 28 : 43 ] ;22.1
[ 1 Octubre 2009 - 6 : 28 : 44 ] ;22.1
[ 1 Octubre 2009 - 6 : 28 : 46 ] ;22.1
[ 1 Octubre 2009 - 6 : 29 : 31 ] ;21.96
[ 1 Octubre 2009 - 6 : 33 : 9 ] ;21.96
[ 1 Octubre 2009 - 6 : 34 : 7 ] ;22.0
[ 1 Octubre 2009 - 6 : 34 : 12 ] ;22.0
[ 1 Octubre 2009 - 6 : 34 : 17 ] ;22.0
[ 1 Octubre 2009 - 6 : 34 : 21 ] ;22.0
[ 1 Octubre 2009 - 6 : 34 : 23 ] ;22.0
[ 1 Octubre 2009 - 6 : 34 : 25 ] ;22.0
[ 1 Octubre 2009 - 6 : 35 : 37 ] ;22.020000000000003
[ 1 Octubre 2009 - 16 : 28 : 29 ] ;23.85
[ 1 Octubre 2009 - 16 : 29 : 27 ] ;23.78
[ 1 Octubre 2009 - 16 : 30 : 26 ] ;23.82
[ 1 Octubre 2009 - 16 : 31 : 24 ] ;23.89
[ 1 Octubre 2009 - 16 : 32 : 22 ] ;23.869999999999997
[ 1 Octubre 2009 - 16 : 33 : 20 ] ;23.840000000000003
[ 1 Octubre 2009 - 16 : 34 : 19 ] ;23.880000000000003
[ 1 Octubre 2009 - 16 : 35 : 17 ] ;23.919999999999995
[ 1 Octubre 2009 - 16 : 37 : 14 ] ;23.910000000000004
[ 1 Octubre 2009 - 16 : 38 : 12 ] ;23.9
[ 1 Octubre 2009 - 16 : 38 : 17 ] ;23.9
[ 1 Octubre 2009 - 16 : 38 : 22 ] ;23.9
[ 1 Octubre 2009 - 16 : 38 : 26 ] ;23.9
[ 1 Octubre 2009 - 16 : 38 : 28 ] ;23.9
[ 1 Octubre 2009 - 16 : 38 : 30 ] ;23.9
[ 1 Octubre 2009 - 16 : 39 : 10 ] ;23.93
[ 1 Octubre 2009 - 16 : 40 : 9 ] ;23.93
[ 1 Octubre 2009 - 16 : 41 : 7 ] ;23.96
[ 1 Octubre 2009 - 16 : 42 : 6 ] ;23.940000000000005
[ 1 Octubre 2009 - 16 : 43 : 4 ] ;23.919999999999995
[ 1 Octubre 2009 - 16 : 44 : 2 ] ;24.020000000000003
[ 1 Octubre 2009 - 16 : 46 : 57 ] ;24.029999999999994
[ 1 Octubre 2009 - 16 : 47 : 56 ] ;23.990000000000002
[ 1 Octubre 2009 - 16 : 48 : 54 ] ;24.020000000000003
[ 1 Octubre 2009 - 16 : 49 : 52 ] ;24.009999999999998
[ 1 Octubre 2009 - 16 : 50 : 50 ] ;24.080000000000005
[ 1 Octubre 2009 - 16 : 51 : 49 ] ;24.050000000000004
[ 1 Octubre 2009 - 16 : 52 : 47 ] ;24.050000000000004
[ 1 Octubre 2009 - 16 : 53 : 46 ] ;24.089999999999996
[ 1 Octubre 2009 - 16 : 54 : 44 ] ;24.07
[ 1 Octubre 2009 - 16 : 55 : 42 ] ;24.059999999999995
[ 1 Octubre 2009 - 16 : 56 : 40 ] ;24.110000000000007
[ 1 Octubre 2009 - 16 : 57 : 39 ] ;24.04
[ 1 Octubre 2009 - 16 : 58 : 37 ] ;24.089999999999996
[ 1 Octubre 2009 - 16 : 59 : 36 ] ;24.04
[ 1 Octubre 2009 - 17 : 0 : 34 ] ;24.130000000000003
[ 1 Octubre 2009 - 17 : 1 : 32 ] ;24.1
[ 1 Octubre 2009 - 17 : 1 : 37 ] ;24.1
[ 1 Octubre 2009 - 17 : 1 : 46 ] ;24.1
[ 1 Octubre 2009 - 17 : 1 : 48 ] ;24.1
[ 1 Octubre 2009 - 17 : 1 : 50 ] ;24.1
[ 1 Octubre 2009 - 17 : 2 : 31 ] ;24.1
[ 1 Octubre 2009 - 17 : 2 : 36 ] ;23.020000000000003
[ 1 Octubre 2009 - 17 : 3 : 29 ] ;24.07
[ 1 Octubre 2009 - 17 : 4 : 27 ] ;24.020000000000003
[ 1 Octubre 2009 - 17 : 5 : 26 ] ;24.020000000000003
[ 1 Octubre 2009 - 17 : 6 : 24 ] ;24.050000000000004
[ 1 Octubre 2009 - 17 : 7 : 22 ] ;24.07
[ 1 Octubre 2009 - 17 : 8 : 20 ] ;24.050000000000004
[ 1 Octubre 2009 - 17 : 18 : 4 ] ;25.059999999999995
[ 1 Octubre 2009 - 17 : 18 : 43 ] ;24.96
[ 1 Octubre 2009 - 17 : 19 : 27 ] ;24.860000000000007
[ 1 Octubre 2009 - 17 : 19 : 41 ] ;24.809999999999995
[ 1 Octubre 2009 - 17 : 19 : 50 ] ;24.82
[ 1 Octubre 2009 - 17 : 20 : 39 ] ;24.619999999999997
[ 1 Octubre 2009 - 17 : 21 : 38 ] ;24.499999999999993
[ 1 Octubre 2009 - 17 : 22 : 36 ] ;24.369999999999997
[ 1 Octubre 2009 - 17 : 23 : 35 ] ;24.29
[ 1 Octubre 2009 - 17 : 24 : 32 ] ;24.160000000000004
[ 1 Octubre 2009 - 17 : 25 : 31 ] ;24.1
[ 1 Octubre 2009 - 17 : 25 : 36 ] ;24.1
[ 1 Octubre 2009 - 17 : 25 : 45 ] ;24.1
[ 1 Octubre 2009 - 17 : 25 : 47 ] ;24.1
[ 1 Octubre 2009 - 17 : 25 : 48 ] ;24.1
[ 1 Octubre 2009 - 17 : 26 : 30 ] ;24.1
[ 1 Octubre 2009 - 17 : 26 : 35 ] ;22.53
[ 1 Octubre 2009 - 17 : 27 : 27 ] ;23.940000000000005
[ 1 Octubre 2009 - 17 : 28 : 26 ] ;23.919999999999995
[ 1 Octubre 2009 - 17 : 29 : 25 ] ;23.82
[ 1 Octubre 2009 - 17 : 30 : 23 ] ;23.72
[ 1 Octubre 2009 - 17 : 32 : 20 ] ;23.71
[ 1 Octubre 2009 - 17 : 33 : 18 ] ;23.619999999999997
[ 1 Octubre 2009 - 17 : 34 : 16 ] ;23.6
[ 1 Octubre 2009 - 17 : 34 : 21 ] ;23.6
[ 1 Octubre 2009 - 17 : 34 : 30 ] ;23.6
[ 1 Octubre 2009 - 17 : 34 : 32 ] ;23.6
[ 1 Octubre 2009 - 17 : 34 : 34 ] ;23.6
[ 1 Octubre 2009 - 17 : 35 : 14 ] ;23.6
[ 1 Octubre 2009 - 17 : 35 : 20 ] ;22.36
[ 1 Octubre 2009 - 17 : 36 : 13 ] ;23.54
[ 1 Octubre 2009 - 17 : 37 : 11 ] ;23.490000000000002
[ 1 Octubre 2009 - 17 : 38 : 9 ] ;23.560000000000002
[ 1 Octubre 2009 - 17 : 39 : 8 ] ;23.5
[ 1 Octubre 2009 - 17 : 39 : 12 ] ;23.5
[ 1 Octubre 2009 - 17 : 39 : 22 ] ;23.5
[ 1 Octubre 2009 - 17 : 39 : 23 ] ;23.5
[ 1 Octubre 2009 - 17 : 39 : 25 ] ;23.5
[ 1 Octubre 2009 - 17 : 40 : 6 ] ;23.5
[ 1 Octubre 2009 - 17 : 40 : 11 ] ;22.36
[ 1 Octubre 2009 - 17 : 40 : 40 ] ;23.439999999999998
[ 1 Octubre 2009 - 17 : 41 : 4 ] ;23.439999999999998
[ 1 Octubre 2009 - 17 : 42 : 3 ] ;23.520000000000003
[ 1 Octubre 2009 - 17 : 43 : 1 ] ;23.58
[ 1 Octubre 2009 - 17 : 44 : 0 ] ;23.940000000000005
[ 1 Octubre 2009 - 17 : 44 : 58 ] ;23.999999999999993
[ 1 Octubre 2009 - 17 : 45 : 56 ] ;24.139999999999993
[ 1 Octubre 2009 - 17 : 46 : 55 ] ;24.020000000000003
[ 1 Octubre 2009 - 17 : 47 : 53 ] ;23.82
[ 1 Octubre 2009 - 17 : 48 : 51 ] ;23.71
[ 1 Octubre 2009 - 17 : 50 : 48 ] ;23.520000000000003
[ 1 Octubre 2009 - 17 : 51 : 47 ] ;23.409999999999997
[ 1 Octubre 2009 - 17 : 52 : 39 ] ;23.33
[ 1 Octubre 2009 - 17 : 52 : 45 ] ;23.369999999999997
[ 1 Octubre 2009 - 17 : 53 : 43 ] ;23.229999999999997
[ 1 Octubre 2009 - 17 : 54 : 41 ] ;23.15
[ 1 Octubre 2009 - 17 : 55 : 40 ] ;23.119999999999997
[ 1 Octubre 2009 - 17 : 56 : 38 ] ;23.020000000000003
[ 1 Octubre 2009 - 17 : 57 : 36 ] ;23.03
[ 1 Octubre 2009 - 17 : 58 : 34 ] ;23.020000000000003
[ 1 Octubre 2009 - 17 : 59 : 32 ] ;23.0
[ 1 Octubre 2009 - 17 : 59 : 38 ] ;23.0
[ 1 Octubre 2009 - 17 : 59 : 43 ] ;23.0
[ 1 Octubre 2009 - 17 : 59 : 47 ] ;23.0
[ 1 Octubre 2009 - 17 : 59 : 48 ] ;23.0
[ 1 Octubre 2009 - 17 : 59 : 50 ] ;23.0
[ 1 Octubre 2009 - 18 : 0 : 31 ] ;22.880000000000003
[ 1 Octubre 2009 - 18 : 1 : 30 ] ;22.909999999999997
[ 1 Octubre 2009 - 18 : 2 : 28 ] ;22.89
[ 1 Octubre 2009 - 18 : 3 : 26 ] ;22.85
[ 1 Octubre 2009 - 18 : 4 : 25 ] ;22.78
[ 1 Octubre 2009 - 18 : 6 : 21 ] ;22.72
[ 1 Octubre 2009 - 18 : 7 : 19 ] ;22.659999999999997
[ 1 Octubre 2009 - 18 : 8 : 18 ] ;22.58
[ 1 Octubre 2009 - 18 : 9 : 16 ] ;22.590000000000003
[ 1 Octubre 2009 - 18 : 11 : 12 ] ;22.68
[ 1 Octubre 2009 - 18 : 27 : 39 ] ;23.020000000000003
[ 1 Octubre 2009 - 18 : 28 : 38 ] ;23.08
[ 1 Octubre 2009 - 18 : 29 : 36 ] ;23.060000000000002
[ 2 Octubre 2009 - 19 : 30 : 0 ] ;22.25
[ 5 Octubre 2009 - 12 : 1 : 51 ] ;20.990000000000002
[ 5 Octubre 2009 - 12 : 2 : 4 ] ;21.020000000000003
[ 5 Octubre 2009 - 12 : 2 : 31 ] ;21.020000000000003
[ 5 Octubre 2009 - 12 : 4 : 28 ] ;21.28
[ 5 Octubre 2009 - 12 : 5 : 26 ] ;21.32
[ 5 Octubre 2009 - 12 : 6 : 25 ] ;21.270000000000003
[ 5 Octubre 2009 - 12 : 9 : 36 ] ;21.21
[ 5 Octubre 2009 - 12 : 9 : 49 ] ;21.200000000000003
[ 5 Octubre 2009 - 12 : 9 : 56 ] ;21.200000000000003
[ 5 Octubre 2009 - 12 : 9 : 56 ] ;21.200000000000003
[ 5 Octubre 2009 - 12 : 9 : 57 ] ;21.22
[ 5 Octubre 2009 - 12 : 10 : 2 ] ;21.22
[ 5 Octubre 2009 - 12 : 10 : 2 ] ;21.22
[ 5 Octubre 2009 - 12 : 10 : 4 ] ;21.259999999999998
[ 5 Octubre 2009 - 12 : 10 : 11 ] ;21.259999999999998
[ 5 Octubre 2009 - 12 : 10 : 12 ] ;21.259999999999998
[ 5 Octubre 2009 - 12 : 10 : 13 ] ;21.259999999999998
[ 5 Octubre 2009 - 12 : 10 : 33 ] ;21.259999999999998
[ 5 Octubre 2009 - 12 : 10 : 47 ] ;21.259999999999998
[ 5 Octubre 2009 - 12 : 10 : 48 ] ;21.259999999999998
[ 5 Octubre 2009 - 12 : 10 : 49 ] ;21.259999999999998
[ 5 Octubre 2009 - 12 : 13 : 49 ] ;21.200000000000003
[ 5 Octubre 2009 - 12 : 13 : 51 ] ;21.200000000000003
[ 5 Octubre 2009 - 12 : 13 : 54 ] ;21.200000000000003
[ 5 Octubre 2009 - 12 : 13 : 55 ] ;21.200000000000003
[ 5 Octubre 2009 - 12 : 13 : 56 ] ;21.200000000000003
[ 5 Octubre 2009 - 12 : 13 : 57 ] ;21.200000000000003
[ 5 Octubre 2009 - 12 : 14 : 29 ] ;21.259999999999998
[ 5 Octubre 2009 - 12 : 14 : 31 ] ;21.259999999999998
[ 5 Octubre 2009 - 12 : 14 : 34 ] ;21.259999999999998
[ 5 Octubre 2009 - 12 : 14 : 34 ] ;21.259999999999998
[ 5 Octubre 2009 - 12 : 14 : 35 ] ;21.259999999999998
[ 5 Octubre 2009 - 12 : 14 : 37 ] ;21.259999999999998
[ 5 Octubre 2009 - 12 : 16 : 11 ] ;21.229999999999997
[ 5 Octubre 2009 - 12 : 16 : 12 ] ;21.229999999999997
[ 5 Octubre 2009 - 12 : 16 : 17 ] ;21.229999999999997
[ 5 Octubre 2009 - 12 : 16 : 18 ] ;21.229999999999997
[ 5 Octubre 2009 - 12 : 16 : 19 ] ;21.229999999999997
[ 5 Octubre 2009 - 12 : 16 : 21 ] ;21.229999999999997
[ 5 Octubre 2009 - 12 : 16 : 27 ] ;21.229999999999997
[ 5 Octubre 2009 - 12 : 16 : 27 ] ;21.229999999999997
[ 5 Octubre 2009 - 12 : 16 : 28 ] ;21.229999999999997
[ 5 Octubre 2009 - 12 : 16 : 30 ] ;22.299999999999997
[ 5 Octubre 2009 - 12 : 16 : 31 ] ;22.299999999999997
[ 5 Octubre 2009 - 12 : 16 : 31 ] ;22.299999999999997
[ 5 Octubre 2009 - 12 : 16 : 32 ] ;21.32
[ 5 Octubre 2009 - 12 : 16 : 34 ] ;21.32
[ 5 Octubre 2009 - 12 : 19 : 47 ] ;21.659999999999997
[ 5 Octubre 2009 - 12 : 19 : 48 ] ;21.659999999999997
[ 5 Octubre 2009 - 12 : 26 : 25 ] ;21.96
[ 5 Octubre 2009 - 12 : 26 : 26 ] ;21.96
[ 5 Octubre 2009 - 12 : 26 : 50 ] ;21.96
[ 5 Octubre 2009 - 12 : 26 : 52 ] ;21.939999999999998
[ 5 Octubre 2009 - 12 : 29 : 6 ] ;22.020000000000003
[ 5 Octubre 2009 - 12 : 29 : 7 ] ;22.020000000000003
[ 5 Octubre 2009 - 12 : 30 : 55 ] ;22.08
[ 5 Octubre 2009 - 12 : 30 : 56 ] ;22.08
[ 5 Octubre 2009 - 12 : 30 : 57 ] ;22.08
[ 5 Octubre 2009 - 12 : 31 : 9 ] ;22.08
[ 5 Octubre 2009 - 12 : 31 : 9 ] ;22.08
[ 5 Octubre 2009 - 12 : 31 : 10 ] ;22.08
[ 5 Octubre 2009 - 12 : 31 : 11 ] ;22.0
[ 5 Octubre 2009 - 12 : 31 : 12 ] ;22.0
[ 5 Octubre 2009 - 12 : 31 : 13 ] ;22.0
[ 5 Octubre 2009 - 12 : 32 : 19 ] ;22.0
[ 5 Octubre 2009 - 12 : 32 : 19 ] ;22.0
[ 5 Octubre 2009 - 12 : 32 : 20 ] ;22.0
[ 5 Octubre 2009 - 12 : 32 : 21 ] ;21.9
[ 5 Octubre 2009 - 12 : 32 : 22 ] ;21.9
[ 5 Octubre 2009 - 12 : 32 : 23 ] ;21.9
[ 5 Octubre 2009 - 12 : 36 : 34 ] ;21.770000000000003
[ 5 Octubre 2009 - 12 : 36 : 35 ] ;21.770000000000003
[ 5 Octubre 2009 - 12 : 36 : 36 ] ;21.770000000000003
[ 5 Octubre 2009 - 12 : 37 : 12 ] ;21.770000000000003
[ 5 Octubre 2009 - 12 : 37 : 12 ] ;21.770000000000003
[ 5 Octubre 2009 - 12 : 37 : 13 ] ;21.770000000000003
[ 5 Octubre 2009 - 12 : 37 : 14 ] ;21.770000000000003
[ 5 Octubre 2009 - 12 : 37 : 15 ] ;21.770000000000003
[ 5 Octubre 2009 - 12 : 37 : 16 ] ;21.770000000000003
[ 5 Octubre 2009 - 12 : 38 : 34 ] ;21.75
[ 5 Octubre 2009 - 12 : 38 : 35 ] ;21.75
[ 5 Octubre 2009 - 12 : 38 : 36 ] ;21.75
[ 5 Octubre 2009 - 12 : 52 : 26 ] ;21.189999999999998
[ 5 Octubre 2009 - 12 : 52 : 28 ] ;21.189999999999998
[ 5 Octubre 2009 - 12 : 52 : 28 ] ;21.189999999999998
[ 5 Octubre 2009 - 12 : 52 : 37 ] ;21.189999999999998
[ 5 Octubre 2009 - 12 : 52 : 37 ] ;21.189999999999998
[ 5 Octubre 2009 - 12 : 52 : 38 ] ;21.189999999999998
[ 5 Octubre 2009 - 12 : 52 : 39 ] ;21.18
[ 5 Octubre 2009 - 12 : 52 : 40 ] ;21.18
[ 5 Octubre 2009 - 12 : 52 : 41 ] ;21.18
[ 5 Octubre 2009 - 12 : 58 : 18 ] ;21.07
[ 5 Octubre 2009 - 12 : 58 : 19 ] ;21.07
[ 5 Octubre 2009 - 12 : 58 : 21 ] ;21.07
[ 5 Octubre 2009 - 12 : 59 : 3 ] ;21.060000000000002
[ 5 Octubre 2009 - 12 : 59 : 4 ] ;21.060000000000002
[ 5 Octubre 2009 - 12 : 59 : 6 ] ;21.060000000000002
[ 5 Octubre 2009 - 13 : 6 : 14 ] ;21.200000000000003
[ 5 Octubre 2009 - 13 : 6 : 39 ] ;21.17
[ 5 Octubre 2009 - 13 : 6 : 58 ] ;21.18
[ 5 Octubre 2009 - 13 : 7 : 22 ] ;21.18
[ 5 Octubre 2009 - 13 : 7 : 41 ] ;21.14
[ 5 Octubre 2009 - 13 : 8 : 27 ] ;21.17
[ 5 Octubre 2009 - 13 : 8 : 49 ] ;21.17
[ 5 Octubre 2009 - 13 : 9 : 19 ] ;21.15
[ 5 Octubre 2009 - 13 : 9 : 29 ] ;21.18
[ 5 Octubre 2009 - 13 : 9 : 58 ] ;21.18
[ 5 Octubre 2009 - 13 : 10 : 6 ] ;21.189999999999998
[ 5 Octubre 2009 - 13 : 11 : 54 ] ;21.18
[ 5 Octubre 2009 - 13 : 12 : 3 ] ;21.159999999999997
[ 5 Octubre 2009 - 13 : 12 : 28 ] ;21.14
[ 5 Octubre 2009 - 13 : 30 : 53 ] ;21.18
[ 5 Octubre 2009 - 13 : 41 : 58 ] ;21.29
[ 5 Octubre 2009 - 13 : 42 : 4 ] ;21.259999999999998
[ 5 Octubre 2009 - 13 : 42 : 12 ] ;21.28
[ 5 Octubre 2009 - 13 : 42 : 27 ] ;21.240000000000002
[ 5 Octubre 2009 - 13 : 43 : 25 ] ;21.21
[ 5 Octubre 2009 - 13 : 44 : 23 ] ;21.229999999999997
[ 5 Octubre 2009 - 13 : 45 : 22 ] ;21.22
[ 7 Octubre 2009 - 9 : 44 : 12 ] ;20.259999999999998
[ 7 Octubre 2009 - 9 : 44 : 20 ] ;20.22
[ 7 Octubre 2009 - 9 : 44 : 52 ] ;20.22
[ 7 Octubre 2009 - 9 : 45 : 51 ] ;20.32
[ 7 Octubre 2009 - 9 : 46 : 49 ] ;20.39
[ 7 Octubre 2009 - 9 : 47 : 47 ] ;20.339999999999996
[ 7 Octubre 2009 - 9 : 48 : 45 ] ;20.479999999999997
[ 7 Octubre 2009 - 9 : 49 : 44 ] ;20.589999999999996
[ 7 Octubre 2009 - 9 : 50 : 42 ] ;20.71
[ 7 Octubre 2009 - 9 : 51 : 41 ] ;20.71
[ 7 Octubre 2009 - 9 : 52 : 39 ] ;20.83
[ 7 Octubre 2009 - 9 : 53 : 37 ] ;20.82
[ 7 Octubre 2009 - 9 : 54 : 35 ] ;20.96
[ 7 Octubre 2009 - 9 : 55 : 34 ] ;20.990000000000002
[ 7 Octubre 2009 - 9 : 57 : 44 ] ;21.049999999999997
[ 7 Octubre 2009 - 9 : 57 : 52 ] ;21.08
[ 7 Octubre 2009 - 9 : 59 : 36 ] ;21.22
[ 7 Octubre 2009 - 9 : 59 : 45 ] ;21.22
[ 7 Octubre 2009 - 10 : 0 : 3 ] ;21.18
[ 7 Octubre 2009 - 10 : 0 : 23 ] ;21.25
[ 7 Octubre 2009 - 10 : 0 : 46 ] ;21.28
[ 7 Octubre 2009 - 10 : 1 : 44 ] ;21.28
[ 7 Octubre 2009 - 10 : 3 : 23 ] ;21.32
[ 7 Octubre 2009 - 10 : 3 : 37 ] ;21.380000000000003
[ 7 Octubre 2009 - 10 : 4 : 35 ] ;21.43
[ 7 Octubre 2009 - 10 : 5 : 34 ] ;21.4
[ 7 Octubre 2009 - 10 : 6 : 32 ] ;21.54
[ 7 Octubre 2009 - 10 : 7 : 31 ] ;21.509999999999998
[ 7 Octubre 2009 - 10 : 8 : 29 ] ;21.6
[ 7 Octubre 2009 - 10 : 9 : 27 ] ;21.590000000000003
[ 7 Octubre 2009 - 10 : 10 : 25 ] ;21.61
[ 7 Octubre 2009 - 10 : 11 : 24 ] ;21.590000000000003
[ 7 Octubre 2009 - 10 : 12 : 22 ] ;21.439999999999998
[ 7 Octubre 2009 - 10 : 13 : 20 ] ;21.439999999999998
[ 7 Octubre 2009 - 10 : 14 : 19 ] ;21.369999999999997
[ 7 Octubre 2009 - 10 : 15 : 17 ] ;21.4
[ 7 Octubre 2009 - 10 : 16 : 15 ] ;21.39
[ 7 Octubre 2009 - 10 : 17 : 14 ] ;21.439999999999998
[ 7 Octubre 2009 - 10 : 18 : 12 ] ;21.450000000000003
[ 7 Octubre 2009 - 10 : 19 : 11 ] ;21.42
[ 7 Octubre 2009 - 10 : 20 : 9 ] ;21.439999999999998
[ 7 Octubre 2009 - 10 : 21 : 7 ] ;21.4
[ 7 Octubre 2009 - 10 : 22 : 5 ] ;21.42
[ 7 Octubre 2009 - 10 : 23 : 4 ] ;21.42
[ 7 Octubre 2009 - 10 : 24 : 2 ] ;21.450000000000003
[ 7 Octubre 2009 - 10 : 25 : 0 ] ;21.5
[ 7 Octubre 2009 - 10 : 25 : 59 ] ;21.479999999999997
[ 7 Octubre 2009 - 10 : 26 : 57 ] ;21.479999999999997
[ 7 Octubre 2009 - 10 : 27 : 56 ] ;21.46
[ 7 Octubre 2009 - 10 : 28 : 54 ] ;21.439999999999998
[ 7 Octubre 2009 - 10 : 29 : 52 ] ;21.43
[ 7 Octubre 2009 - 10 : 30 : 51 ] ;21.35
[ 7 Octubre 2009 - 10 : 31 : 49 ] ;21.4
[ 7 Octubre 2009 - 10 : 32 : 27 ] ;21.32
[ 7 Octubre 2009 - 10 : 32 : 34 ] ;21.39
[ 7 Octubre 2009 - 10 : 32 : 41 ] ;21.39
[ 7 Octubre 2009 - 10 : 40 : 54 ] ;21.549999999999997
[ 7 Octubre 2009 - 10 : 41 : 7 ] ;21.53
[ 7 Octubre 2009 - 10 : 41 : 57 ] ;21.54
[ 7 Octubre 2009 - 10 : 42 : 5 ] ;21.54
[ 7 Octubre 2009 - 10 : 43 : 3 ] ;21.560000000000002
[ 7 Octubre 2009 - 10 : 44 : 2 ] ;21.619999999999997
[ 7 Octubre 2009 - 10 : 45 : 0 ] ;21.67
[ 7 Octubre 2009 - 10 : 45 : 58 ] ;21.79
[ 7 Octubre 2009 - 10 : 46 : 57 ] ;21.86
[ 7 Octubre 2009 - 10 : 47 : 55 ] ;21.840000000000003
[ 7 Octubre 2009 - 10 : 48 : 19 ] ;21.89
[ 7 Octubre 2009 - 10 : 48 : 44 ] ;21.86
[ 7 Octubre 2009 - 10 : 48 : 53 ] ;21.880000000000003
[ 7 Octubre 2009 - 10 : 49 : 52 ] ;21.82
[ 7 Octubre 2009 - 10 : 50 : 50 ] ;21.799999999999997
[ 7 Octubre 2009 - 10 : 51 : 48 ] ;21.78
[ 7 Octubre 2009 - 10 : 52 : 47 ] ;21.86
[ 7 Octubre 2009 - 10 : 53 : 45 ] ;21.869999999999997
[ 7 Octubre 2009 - 10 : 54 : 10 ] ;21.92
[ 7 Octubre 2009 - 10 : 54 : 43 ] ;21.979999999999997
[ 7 Octubre 2009 - 10 : 55 : 42 ] ;22.020000000000003
[ 7 Octubre 2009 - 10 : 56 : 40 ] ;22.15
[ 7 Octubre 2009 - 10 : 57 : 38 ] ;22.119999999999997
[ 7 Octubre 2009 - 10 : 58 : 25 ] ;22.28
[ 7 Octubre 2009 - 10 : 58 : 37 ] ;22.22
[ 7 Octubre 2009 - 10 : 59 : 35 ] ;22.32
[ 7 Octubre 2009 - 11 : 0 : 34 ] ;22.439999999999998
[ 7 Octubre 2009 - 11 : 33 : 46 ] ;23.53
[ 7 Octubre 2009 - 11 : 33 : 57 ] ;23.58
[ 7 Octubre 2009 - 11 : 34 : 56 ] ;23.43
[ 7 Octubre 2009 - 11 : 43 : 25 ] ;23.009999999999998
[ 7 Octubre 2009 - 11 : 43 : 34 ] ;23.090000000000003
[ 7 Octubre 2009 - 11 : 43 : 46 ] ;23.090000000000003
[ 7 Octubre 2009 - 11 : 44 : 32 ] ;23.090000000000003
[ 7 Octubre 2009 - 11 : 44 : 50 ] ;23.049999999999997
[ 7 Octubre 2009 - 11 : 45 : 48 ] ;23.049999999999997
[ 7 Octubre 2009 - 11 : 46 : 19 ] ;23.0
[ 7 Octubre 2009 - 11 : 46 : 27 ] ;23.04
[ 7 Octubre 2009 - 11 : 46 : 47 ] ;22.979999999999997
[ 7 Octubre 2009 - 11 : 47 : 45 ] ;22.93
[ 7 Octubre 2009 - 11 : 48 : 44 ] ;22.79
[ 7 Octubre 2009 - 11 : 49 : 42 ] ;22.880000000000003
[ 7 Octubre 2009 - 11 : 50 : 40 ] ;22.96
[ 7 Octubre 2009 - 11 : 51 : 27 ] ;22.869999999999997
[ 7 Octubre 2009 - 11 : 51 : 36 ] ;22.86
[ 7 Octubre 2009 - 11 : 51 : 38 ] ;22.86
[ 7 Octubre 2009 - 11 : 52 : 37 ] ;22.92
[ 7 Octubre 2009 - 11 : 53 : 35 ] ;23.020000000000003
[ 7 Octubre 2009 - 11 : 53 : 55 ] ;23.04
[ 7 Octubre 2009 - 11 : 55 : 49 ] ;23.14
[ 7 Octubre 2009 - 11 : 56 : 31 ] ;23.060000000000002
[ 7 Octubre 2009 - 11 : 56 : 47 ] ;22.990000000000002
[ 7 Octubre 2009 - 11 : 57 : 46 ] ;22.909999999999997
[ 7 Octubre 2009 - 11 : 58 : 44 ] ;22.630000000000003
[ 7 Octubre 2009 - 11 : 59 : 26 ] ;22.520000000000003
[ 7 Octubre 2009 - 11 : 59 : 42 ] ;22.490000000000002
[ 7 Octubre 2009 - 12 : 0 : 41 ] ;22.53
[ 7 Octubre 2009 - 12 : 1 : 39 ] ;22.700000000000003
[ 7 Octubre 2009 - 12 : 2 : 37 ] ;22.75
[ 7 Octubre 2009 - 12 : 3 : 36 ] ;22.729999999999997
[ 7 Octubre 2009 - 12 : 5 : 17 ] ;22.92
[ 7 Octubre 2009 - 12 : 5 : 50 ] ;22.880000000000003
[ 7 Octubre 2009 - 12 : 6 : 1 ] ;22.880000000000003
[ 7 Octubre 2009 - 12 : 6 : 59 ] ;22.909999999999997
[ 7 Octubre 2009 - 12 : 7 : 58 ] ;22.93
[ 7 Octubre 2009 - 12 : 8 : 56 ] ;22.979999999999997
[ 7 Octubre 2009 - 12 : 9 : 54 ] ;23.060000000000002
[ 7 Octubre 2009 - 12 : 10 : 53 ] ;23.04
[ 7 Octubre 2009 - 12 : 11 : 51 ] ;23.11
[ 7 Octubre 2009 - 12 : 12 : 50 ] ;23.1
[ 7 Octubre 2009 - 12 : 13 : 48 ] ;23.159999999999997
[ 7 Octubre 2009 - 12 : 14 : 46 ] ;23.229999999999997
[ 7 Octubre 2009 - 12 : 16 : 50 ] ;23.29
[ 7 Octubre 2009 - 12 : 17 : 4 ] ;23.240000000000002
[ 7 Octubre 2009 - 12 : 18 : 2 ] ;23.270000000000003
[ 7 Octubre 2009 - 12 : 19 : 1 ] ;23.28
[ 7 Octubre 2009 - 12 : 19 : 59 ] ;23.270000000000003
[ 7 Octubre 2009 - 12 : 20 : 57 ] ;23.39
[ 7 Octubre 2009 - 12 : 21 : 56 ] ;23.4
[ 7 Octubre 2009 - 12 : 22 : 54 ] ;23.479999999999997
[ 7 Octubre 2009 - 12 : 23 : 52 ] ;23.46
[ 7 Octubre 2009 - 12 : 24 : 51 ] ;23.520000000000003
[ 7 Octubre 2009 - 12 : 25 : 49 ] ;23.560000000000002
[ 7 Octubre 2009 - 12 : 26 : 48 ] ;23.58
[ 7 Octubre 2009 - 12 : 27 : 46 ] ;23.6
[ 7 Octubre 2009 - 12 : 28 : 44 ] ;23.6
[ 7 Octubre 2009 - 12 : 29 : 43 ] ;23.560000000000002
[ 7 Octubre 2009 - 12 : 30 : 41 ] ;23.5
[ 7 Octubre 2009 - 12 : 31 : 39 ] ;23.54
[ 7 Octubre 2009 - 12 : 32 : 37 ] ;23.58
[ 7 Octubre 2009 - 12 : 33 : 36 ] ;23.57
[ 7 Octubre 2009 - 12 : 34 : 34 ] ;23.57
[ 7 Octubre 2009 - 12 : 35 : 33 ] ;23.590000000000003
[ 7 Octubre 2009 - 12 : 36 : 31 ] ;23.729999999999997
[ 7 Octubre 2009 - 12 : 37 : 29 ] ;23.840000000000003
[ 7 Octubre 2009 - 12 : 38 : 28 ] ;23.9
[ 7 Octubre 2009 - 12 : 39 : 26 ] ;23.79
[ 7 Octubre 2009 - 12 : 40 : 24 ] ;23.75
[ 7 Octubre 2009 - 12 : 40 : 58 ] ;23.740000000000002
[ 7 Octubre 2009 - 12 : 41 : 11 ] ;23.759999999999998
[ 7 Octubre 2009 - 12 : 42 : 9 ] ;23.9
[ 7 Octubre 2009 - 12 : 43 : 8 ] ;23.9
[ 7 Octubre 2009 - 12 : 44 : 6 ] ;23.940000000000005
[ 7 Octubre 2009 - 12 : 45 : 4 ] ;24.04
[ 7 Octubre 2009 - 12 : 46 : 3 ] ;24.110000000000007
[ 7 Octubre 2009 - 12 : 47 : 1 ] ;24.279999999999994
[ 7 Octubre 2009 - 12 : 47 : 59 ] ;24.300000000000004
[ 7 Octubre 2009 - 12 : 48 : 3 ] ;24.300000000000004
[ 7 Octubre 2009 - 12 : 48 : 58 ] ;24.199999999999996
[ 7 Octubre 2009 - 12 : 49 : 56 ] ;24.270000000000003
[ 7 Octubre 2009 - 12 : 50 : 54 ] ;24.240000000000002
[ 7 Octubre 2009 - 12 : 51 : 53 ] ;24.199999999999996
[ 7 Octubre 2009 - 12 : 52 : 51 ] ;24.43
[ 7 Octubre 2009 - 12 : 53 : 50 ] ;24.46
[ 7 Octubre 2009 - 12 : 54 : 48 ] ;24.440000000000005
[ 7 Octubre 2009 - 12 : 55 : 46 ] ;24.360000000000007
[ 7 Octubre 2009 - 12 : 56 : 44 ] ;24.199999999999996
[ 7 Octubre 2009 - 12 : 57 : 43 ] ;24.199999999999996
[ 7 Octubre 2009 - 12 : 58 : 41 ] ;23.970000000000006
[ 7 Octubre 2009 - 12 : 59 : 39 ] ;23.880000000000003
[ 7 Octubre 2009 - 13 : 0 : 38 ] ;23.9
[ 7 Octubre 2009 - 13 : 1 : 36 ] ;23.759999999999998
[ 7 Octubre 2009 - 13 : 2 : 34 ] ;23.659999999999997
[ 7 Octubre 2009 - 13 : 3 : 33 ] ;23.6
[ 7 Octubre 2009 - 13 : 4 : 31 ] ;23.520000000000003
[ 7 Octubre 2009 - 13 : 5 : 29 ] ;23.310000000000002
[ 7 Octubre 2009 - 13 : 6 : 28 ] ;23.240000000000002
[ 7 Octubre 2009 - 13 : 7 : 26 ] ;23.17
[ 7 Octubre 2009 - 13 : 8 : 24 ] ;23.189999999999998
[ 7 Octubre 2009 - 13 : 9 : 23 ] ;23.090000000000003
[ 7 Octubre 2009 - 13 : 10 : 21 ] ;22.97
[ 7 Octubre 2009 - 13 : 11 : 20 ] ;22.909999999999997
[ 7 Octubre 2009 - 13 : 12 : 18 ] ;22.82
[ 7 Octubre 2009 - 13 : 13 : 16 ] ;22.700000000000003
[ 7 Octubre 2009 - 13 : 14 : 14 ] ;22.659999999999997
[ 7 Octubre 2009 - 13 : 15 : 13 ] ;22.68
[ 7 Octubre 2009 - 13 : 16 : 11 ] ;22.759999999999998
[ 7 Octubre 2009 - 13 : 17 : 10 ] ;22.89
[ 7 Octubre 2009 - 13 : 18 : 8 ] ;23.11
[ 7 Octubre 2009 - 13 : 19 : 6 ] ;23.240000000000002
[ 7 Octubre 2009 - 13 : 20 : 4 ] ;23.33
[ 7 Octubre 2009 - 13 : 21 : 3 ] ;23.340000000000003
[ 7 Octubre 2009 - 13 : 22 : 1 ] ;23.409999999999997
[ 7 Octubre 2009 - 13 : 22 : 59 ] ;23.479999999999997
[ 7 Octubre 2009 - 13 : 23 : 58 ] ;23.479999999999997
[ 7 Octubre 2009 - 13 : 24 : 56 ] ;23.54
[ 7 Octubre 2009 - 13 : 25 : 55 ] ;23.619999999999997
[ 7 Octubre 2009 - 13 : 26 : 53 ] ;23.64
[ 7 Octubre 2009 - 13 : 27 : 51 ] ;23.6
[ 7 Octubre 2009 - 13 : 28 : 49 ] ;23.590000000000003
[ 7 Octubre 2009 - 13 : 29 : 48 ] ;23.590000000000003
[ 7 Octubre 2009 - 13 : 30 : 46 ] ;23.57
[ 7 Octubre 2009 - 13 : 31 : 45 ] ;23.57
[ 7 Octubre 2009 - 13 : 32 : 43 ] ;23.520000000000003
[ 7 Octubre 2009 - 13 : 33 : 41 ] ;23.520000000000003
[ 7 Octubre 2009 - 13 : 34 : 39 ] ;23.53
[ 7 Octubre 2009 - 13 : 35 : 38 ] ;23.53
[ 7 Octubre 2009 - 13 : 36 : 36 ] ;23.53
[ 7 Octubre 2009 - 13 : 37 : 34 ] ;23.490000000000002
[ 7 Octubre 2009 - 13 : 38 : 33 ] ;23.450000000000003
[ 7 Octubre 2009 - 13 : 39 : 31 ] ;23.450000000000003
[ 7 Octubre 2009 - 13 : 40 : 29 ] ;23.42
[ 7 Octubre 2009 - 13 : 41 : 28 ] ;23.39
[ 7 Octubre 2009 - 13 : 42 : 26 ] ;23.380000000000003
[ 7 Octubre 2009 - 13 : 43 : 25 ] ;23.36
[ 7 Octubre 2009 - 13 : 44 : 23 ] ;23.33
[ 7 Octubre 2009 - 13 : 45 : 21 ] ;23.39
[ 7 Octubre 2009 - 13 : 46 : 19 ] ;23.4
[ 7 Octubre 2009 - 13 : 47 : 18 ] ;23.39
[ 7 Octubre 2009 - 13 : 48 : 16 ] ;23.4
[ 7 Octubre 2009 - 13 : 49 : 14 ] ;23.4
[ 7 Octubre 2009 - 13 : 50 : 13 ] ;23.380000000000003
[ 7 Octubre 2009 - 13 : 51 : 11 ] ;23.380000000000003
[ 7 Octubre 2009 - 13 : 52 : 9 ] ;23.36
[ 7 Octubre 2009 - 13 : 53 : 8 ] ;23.380000000000003
[ 7 Octubre 2009 - 13 : 54 : 6 ] ;23.369999999999997
[ 7 Octubre 2009 - 13 : 55 : 5 ] ;23.35
[ 7 Octubre 2009 - 13 : 56 : 3 ] ;23.369999999999997
[ 7 Octubre 2009 - 13 : 57 : 1 ] ;23.36
[ 7 Octubre 2009 - 13 : 57 : 59 ] ;23.340000000000003
[ 7 Octubre 2009 - 13 : 58 : 58 ] ;23.340000000000003
[ 7 Octubre 2009 - 13 : 59 : 56 ] ;23.35
[ 7 Octubre 2009 - 14 : 0 : 55 ] ;23.380000000000003
[ 7 Octubre 2009 - 14 : 1 : 53 ] ;23.39
[ 7 Octubre 2009 - 14 : 2 : 51 ] ;23.39
[ 7 Octubre 2009 - 14 : 3 : 49 ] ;23.4
[ 7 Octubre 2009 - 14 : 4 : 48 ] ;23.39
[ 7 Octubre 2009 - 14 : 5 : 46 ] ;23.369999999999997
[ 7 Octubre 2009 - 14 : 6 : 44 ] ;23.35
[ 7 Octubre 2009 - 14 : 7 : 43 ] ;23.340000000000003
[ 7 Octubre 2009 - 14 : 8 : 41 ] ;23.380000000000003
[ 7 Octubre 2009 - 14 : 9 : 40 ] ;23.369999999999997
[ 7 Octubre 2009 - 14 : 10 : 38 ] ;23.35
[ 7 Octubre 2009 - 14 : 11 : 36 ] ;23.340000000000003
[ 7 Octubre 2009 - 14 : 12 : 35 ] ;23.299999999999997
[ 7 Octubre 2009 - 14 : 13 : 33 ] ;23.299999999999997
[ 7 Octubre 2009 - 14 : 14 : 31 ] ;23.29
[ 7 Octubre 2009 - 14 : 15 : 29 ] ;23.229999999999997
[ 7 Octubre 2009 - 14 : 16 : 28 ] ;23.240000000000002
[ 7 Octubre 2009 - 14 : 17 : 26 ] ;23.229999999999997
[ 7 Octubre 2009 - 14 : 18 : 24 ] ;23.200000000000003
[ 7 Octubre 2009 - 14 : 19 : 23 ] ;23.240000000000002
[ 7 Octubre 2009 - 14 : 20 : 21 ] ;23.200000000000003
[ 7 Octubre 2009 - 14 : 21 : 20 ] ;23.22
[ 7 Octubre 2009 - 14 : 22 : 18 ] ;23.22
[ 7 Octubre 2009 - 14 : 23 : 16 ] ;23.22
[ 7 Octubre 2009 - 14 : 24 : 15 ] ;23.22
[ 7 Octubre 2009 - 14 : 25 : 13 ] ;23.259999999999998
[ 7 Octubre 2009 - 14 : 26 : 11 ] ;23.259999999999998
[ 7 Octubre 2009 - 14 : 27 : 9 ] ;23.310000000000002
[ 7 Octubre 2009 - 14 : 28 : 8 ] ;23.32
[ 7 Octubre 2009 - 14 : 29 : 6 ] ;23.340000000000003
[ 7 Octubre 2009 - 14 : 30 : 4 ] ;23.32
[ 7 Octubre 2009 - 14 : 31 : 3 ] ;23.340000000000003
[ 7 Octubre 2009 - 14 : 32 : 1 ] ;23.36
[ 7 Octubre 2009 - 14 : 33 : 0 ] ;23.39
[ 7 Octubre 2009 - 14 : 33 : 58 ] ;23.36
[ 7 Octubre 2009 - 14 : 34 : 56 ] ;23.380000000000003
[ 7 Octubre 2009 - 14 : 35 : 54 ] ;23.369999999999997
[ 7 Octubre 2009 - 14 : 36 : 53 ] ;23.340000000000003
[ 7 Octubre 2009 - 14 : 37 : 51 ] ;23.340000000000003
[ 7 Octubre 2009 - 14 : 38 : 49 ] ;23.310000000000002
[ 7 Octubre 2009 - 14 : 39 : 48 ] ;23.29
[ 7 Octubre 2009 - 14 : 40 : 46 ] ;23.29
[ 7 Octubre 2009 - 14 : 41 : 44 ] ;23.270000000000003
[ 7 Octubre 2009 - 14 : 42 : 43 ] ;23.270000000000003
[ 7 Octubre 2009 - 14 : 43 : 41 ] ;23.259999999999998
[ 7 Octubre 2009 - 14 : 44 : 39 ] ;23.33
[ 7 Octubre 2009 - 14 : 45 : 38 ] ;23.310000000000002
[ 7 Octubre 2009 - 14 : 46 : 36 ] ;23.33
[ 7 Octubre 2009 - 14 : 47 : 34 ] ;23.340000000000003
[ 7 Octubre 2009 - 14 : 48 : 33 ] ;23.33
[ 7 Octubre 2009 - 14 : 49 : 31 ] ;23.369999999999997
[ 7 Octubre 2009 - 14 : 50 : 29 ] ;23.36
[ 7 Octubre 2009 - 14 : 51 : 28 ] ;23.39
[ 7 Octubre 2009 - 14 : 52 : 26 ] ;23.450000000000003
[ 7 Octubre 2009 - 14 : 53 : 25 ] ;23.450000000000003
[ 7 Octubre 2009 - 14 : 54 : 23 ] ;23.439999999999998
[ 7 Octubre 2009 - 14 : 55 : 21 ] ;23.39
[ 7 Octubre 2009 - 14 : 56 : 20 ] ;23.369999999999997
[ 7 Octubre 2009 - 14 : 57 : 18 ] ;23.36
[ 7 Octubre 2009 - 14 : 58 : 16 ] ;23.310000000000002
[ 7 Octubre 2009 - 14 : 59 : 15 ] ;23.32
[ 7 Octubre 2009 - 15 : 0 : 13 ] ;23.340000000000003
[ 7 Octubre 2009 - 15 : 1 : 11 ] ;23.299999999999997
[ 7 Octubre 2009 - 15 : 2 : 10 ] ;23.28
[ 7 Octubre 2009 - 15 : 3 : 8 ] ;23.259999999999998
[ 7 Octubre 2009 - 15 : 4 : 6 ] ;23.29
[ 7 Octubre 2009 - 15 : 5 : 4 ] ;23.25
[ 7 Octubre 2009 - 15 : 6 : 3 ] ;23.270000000000003
[ 7 Octubre 2009 - 15 : 7 : 1 ] ;23.240000000000002
[ 7 Octubre 2009 - 15 : 7 : 59 ] ;23.240000000000002
[ 7 Octubre 2009 - 15 : 8 : 58 ] ;23.229999999999997
[ 7 Octubre 2009 - 15 : 9 : 56 ] ;23.189999999999998
[ 7 Octubre 2009 - 15 : 10 : 55 ] ;23.200000000000003
[ 7 Octubre 2009 - 15 : 11 : 53 ] ;23.200000000000003
[ 7 Octubre 2009 - 15 : 12 : 51 ] ;23.189999999999998
[ 7 Octubre 2009 - 15 : 13 : 49 ] ;23.159999999999997
[ 7 Octubre 2009 - 15 : 14 : 48 ] ;23.14
[ 7 Octubre 2009 - 15 : 15 : 46 ] ;23.14
[ 7 Octubre 2009 - 15 : 16 : 44 ] ;23.159999999999997
[ 7 Octubre 2009 - 15 : 17 : 43 ] ;23.130000000000003
[ 7 Octubre 2009 - 15 : 18 : 41 ] ;23.14
[ 7 Octubre 2009 - 15 : 19 : 39 ] ;23.11
[ 7 Octubre 2009 - 15 : 20 : 38 ] ;23.1
[ 7 Octubre 2009 - 15 : 21 : 36 ] ;23.130000000000003
[ 7 Octubre 2009 - 15 : 22 : 34 ] ;23.119999999999997
[ 7 Octubre 2009 - 15 : 23 : 33 ] ;23.1
[ 7 Octubre 2009 - 15 : 24 : 31 ] ;23.1
[ 7 Octubre 2009 - 15 : 25 : 30 ] ;23.119999999999997
[ 7 Octubre 2009 - 15 : 26 : 28 ] ;23.11
[ 7 Octubre 2009 - 15 : 27 : 26 ] ;23.1
[ 7 Octubre 2009 - 15 : 28 : 25 ] ;23.1
[ 7 Octubre 2009 - 15 : 29 : 23 ] ;23.1
[ 7 Octubre 2009 - 15 : 30 : 21 ] ;23.08
[ 7 Octubre 2009 - 15 : 31 : 19 ] ;23.060000000000002
[ 7 Octubre 2009 - 15 : 32 : 18 ] ;23.060000000000002
[ 7 Octubre 2009 - 15 : 33 : 16 ] ;23.04
[ 7 Octubre 2009 - 15 : 34 : 14 ] ;23.049999999999997
[ 7 Octubre 2009 - 15 : 35 : 13 ] ;23.04
[ 7 Octubre 2009 - 15 : 36 : 11 ] ;23.009999999999998
[ 7 Octubre 2009 - 15 : 37 : 9 ] ;23.020000000000003
[ 7 Octubre 2009 - 15 : 38 : 8 ] ;23.0
[ 7 Octubre 2009 - 15 : 39 : 6 ] ;23.03
[ 7 Octubre 2009 - 15 : 40 : 4 ] ;23.0
[ 7 Octubre 2009 - 15 : 41 : 3 ] ;23.009999999999998
[ 7 Octubre 2009 - 15 : 42 : 1 ] ;23.03
[ 7 Octubre 2009 - 15 : 43 : 0 ] ;23.0
[ 7 Octubre 2009 - 15 : 43 : 58 ] ;23.0
[ 7 Octubre 2009 - 15 : 44 : 56 ] ;22.979999999999997
[ 7 Octubre 2009 - 15 : 45 : 54 ] ;22.96
[ 7 Octubre 2009 - 15 : 46 : 53 ] ;22.96
[ 7 Octubre 2009 - 15 : 47 : 51 ] ;22.950000000000003
[ 7 Octubre 2009 - 15 : 48 : 50 ] ;22.939999999999998
[ 7 Octubre 2009 - 15 : 49 : 48 ] ;22.93
[ 7 Octubre 2009 - 15 : 50 : 46 ] ;22.950000000000003
[ 7 Octubre 2009 - 15 : 51 : 45 ] ;22.979999999999997
[ 7 Octubre 2009 - 15 : 52 : 43 ] ;22.979999999999997
[ 7 Octubre 2009 - 15 : 53 : 41 ] ;23.03
[ 7 Octubre 2009 - 16 : 5 : 0 ] ;23.159999999999997
[ 7 Octubre 2009 - 16 : 5 : 6 ] ;23.17
[ 7 Octubre 2009 - 16 : 5 : 14 ] ;23.200000000000003
[ 7 Octubre 2009 - 16 : 5 : 46 ] ;23.18
[ 7 Octubre 2009 - 16 : 7 : 11 ] ;23.17
[ 7 Octubre 2009 - 16 : 7 : 25 ] ;23.18
[ 7 Octubre 2009 - 16 : 8 : 24 ] ;23.200000000000003
[ 7 Octubre 2009 - 16 : 9 : 22 ] ;23.18
[ 7 Octubre 2009 - 16 : 10 : 21 ] ;23.17
[ 7 Octubre 2009 - 16 : 11 : 19 ] ;23.17
[ 7 Octubre 2009 - 16 : 12 : 18 ] ;23.15
[ 7 Octubre 2009 - 16 : 13 : 16 ] ;23.14
[ 7 Octubre 2009 - 16 : 14 : 14 ] ;23.14
[ 7 Octubre 2009 - 16 : 15 : 12 ] ;23.130000000000003
[ 7 Octubre 2009 - 16 : 16 : 11 ] ;23.130000000000003
[ 7 Octubre 2009 - 16 : 17 : 9 ] ;23.1
[ 7 Octubre 2009 - 16 : 18 : 7 ] ;23.1
[ 7 Octubre 2009 - 16 : 19 : 5 ] ;23.090000000000003
[ 7 Octubre 2009 - 16 : 20 : 4 ] ;23.119999999999997
[ 7 Octubre 2009 - 16 : 21 : 3 ] ;23.090000000000003
[ 7 Octubre 2009 - 16 : 22 : 1 ] ;23.08
[ 7 Octubre 2009 - 16 : 22 : 59 ] ;23.119999999999997
[ 7 Octubre 2009 - 16 : 24 : 5 ] ;23.08
[ 7 Octubre 2009 - 16 : 24 : 19 ] ;23.060000000000002
[ 7 Octubre 2009 - 16 : 25 : 17 ] ;23.060000000000002
[ 7 Octubre 2009 - 16 : 26 : 16 ] ;23.060000000000002
[ 7 Octubre 2009 - 16 : 27 : 14 ] ;23.04
[ 7 Octubre 2009 - 16 : 28 : 12 ] ;23.03
[ 7 Octubre 2009 - 16 : 29 : 10 ] ;23.0
[ 7 Octubre 2009 - 16 : 30 : 9 ] ;22.990000000000002
[ 7 Octubre 2009 - 16 : 31 : 7 ] ;22.96
[ 7 Octubre 2009 - 16 : 32 : 6 ] ;22.92
[ 7 Octubre 2009 - 16 : 33 : 4 ] ;22.9
[ 7 Octubre 2009 - 16 : 34 : 2 ] ;22.86
[ 7 Octubre 2009 - 16 : 35 : 0 ] ;22.86
[ 7 Octubre 2009 - 16 : 35 : 59 ] ;22.82
[ 7 Octubre 2009 - 16 : 36 : 57 ] ;22.799999999999997
[ 7 Octubre 2009 - 16 : 37 : 55 ] ;22.78
[ 7 Octubre 2009 - 16 : 38 : 54 ] ;22.78
[ 7 Octubre 2009 - 16 : 39 : 52 ] ;22.759999999999998
[ 7 Octubre 2009 - 16 : 40 : 50 ] ;22.759999999999998
[ 7 Octubre 2009 - 16 : 41 : 49 ] ;22.78
[ 7 Octubre 2009 - 16 : 42 : 47 ] ;22.78
[ 7 Octubre 2009 - 16 : 43 : 46 ] ;22.799999999999997
[ 7 Octubre 2009 - 16 : 44 : 44 ] ;22.78
[ 7 Octubre 2009 - 16 : 45 : 42 ] ;22.79
[ 7 Octubre 2009 - 16 : 46 : 40 ] ;22.759999999999998
[ 7 Octubre 2009 - 16 : 47 : 39 ] ;22.75
[ 7 Octubre 2009 - 16 : 48 : 37 ] ;22.740000000000002
[ 7 Octubre 2009 - 16 : 49 : 35 ] ;22.72
[ 7 Octubre 2009 - 16 : 50 : 34 ] ;22.729999999999997
[ 7 Octubre 2009 - 16 : 51 : 32 ] ;22.729999999999997
[ 7 Octubre 2009 - 16 : 52 : 30 ] ;22.72
[ 7 Octubre 2009 - 16 : 53 : 29 ] ;22.700000000000003
[ 7 Octubre 2009 - 16 : 54 : 27 ] ;22.700000000000003
[ 7 Octubre 2009 - 16 : 55 : 26 ] ;22.689999999999998
[ 7 Octubre 2009 - 16 : 56 : 24 ] ;22.68
[ 7 Octubre 2009 - 16 : 57 : 22 ] ;22.659999999999997
[ 7 Octubre 2009 - 16 : 58 : 20 ] ;22.659999999999997
[ 7 Octubre 2009 - 16 : 59 : 19 ] ;22.67
[ 7 Octubre 2009 - 17 : 0 : 17 ] ;22.64
[ 7 Octubre 2009 - 17 : 1 : 16 ] ;22.659999999999997
[ 7 Octubre 2009 - 17 : 2 : 14 ] ;22.659999999999997
[ 7 Octubre 2009 - 17 : 3 : 12 ] ;22.65
[ 7 Octubre 2009 - 17 : 4 : 11 ] ;22.64
[ 7 Octubre 2009 - 17 : 5 : 9 ] ;22.619999999999997
[ 7 Octubre 2009 - 17 : 6 : 7 ] ;22.619999999999997
[ 7 Octubre 2009 - 17 : 7 : 6 ] ;22.619999999999997
[ 7 Octubre 2009 - 17 : 8 : 4 ] ;22.619999999999997
[ 7 Octubre 2009 - 17 : 9 : 2 ] ;22.58
[ 7 Octubre 2009 - 17 : 10 : 1 ] ;22.6
[ 7 Octubre 2009 - 17 : 10 : 59 ] ;22.57
[ 7 Octubre 2009 - 17 : 11 : 57 ] ;22.560000000000002
[ 7 Octubre 2009 - 17 : 12 : 56 ] ;22.53
[ 7 Octubre 2009 - 17 : 13 : 54 ] ;22.520000000000003
[ 7 Octubre 2009 - 17 : 14 : 52 ] ;22.520000000000003
[ 7 Octubre 2009 - 17 : 15 : 50 ] ;22.54
[ 7 Octubre 2009 - 17 : 16 : 49 ] ;22.54
[ 7 Octubre 2009 - 17 : 17 : 47 ] ;22.509999999999998
[ 7 Octubre 2009 - 17 : 18 : 46 ] ;22.490000000000002
[ 7 Octubre 2009 - 17 : 19 : 44 ] ;22.479999999999997
[ 7 Octubre 2009 - 17 : 20 : 42 ] ;22.490000000000002
[ 7 Octubre 2009 - 17 : 21 : 41 ] ;22.479999999999997
[ 7 Octubre 2009 - 17 : 22 : 39 ] ;22.490000000000002
[ 7 Octubre 2009 - 17 : 23 : 37 ] ;22.479999999999997
[ 7 Octubre 2009 - 17 : 24 : 36 ] ;22.46
[ 7 Octubre 2009 - 17 : 25 : 34 ] ;22.43
[ 7 Octubre 2009 - 17 : 26 : 32 ] ;22.43
[ 7 Octubre 2009 - 17 : 27 : 30 ] ;22.42
[ 7 Octubre 2009 - 17 : 28 : 29 ] ;22.439999999999998
[ 7 Octubre 2009 - 17 : 29 : 27 ] ;22.4
[ 7 Octubre 2009 - 17 : 30 : 25 ] ;22.380000000000003
[ 7 Octubre 2009 - 17 : 31 : 24 ] ;22.380000000000003
[ 7 Octubre 2009 - 17 : 32 : 22 ] ;22.369999999999997
[ 7 Octubre 2009 - 17 : 33 : 21 ] ;22.369999999999997
[ 7 Octubre 2009 - 17 : 34 : 19 ] ;22.340000000000003
[ 7 Octubre 2009 - 17 : 35 : 17 ] ;22.340000000000003
[ 7 Octubre 2009 - 17 : 36 : 15 ] ;22.33
[ 7 Octubre 2009 - 17 : 37 : 14 ] ;22.340000000000003
[ 7 Octubre 2009 - 17 : 38 : 12 ] ;22.340000000000003
[ 7 Octubre 2009 - 17 : 39 : 10 ] ;22.32
[ 7 Octubre 2009 - 17 : 40 : 9 ] ;22.310000000000002
[ 7 Octubre 2009 - 17 : 41 : 7 ] ;22.299999999999997
[ 7 Octubre 2009 - 17 : 42 : 6 ] ;22.299999999999997
[ 7 Octubre 2009 - 17 : 43 : 4 ] ;22.270000000000003
[ 7 Octubre 2009 - 17 : 44 : 2 ] ;22.270000000000003
[ 7 Octubre 2009 - 17 : 45 : 0 ] ;22.25
[ 7 Octubre 2009 - 17 : 45 : 59 ] ;22.240000000000002
[ 7 Octubre 2009 - 17 : 46 : 57 ] ;22.229999999999997
[ 7 Octubre 2009 - 17 : 47 : 55 ] ;22.22
[ 7 Octubre 2009 - 17 : 48 : 54 ] ;22.200000000000003
[ 7 Octubre 2009 - 17 : 49 : 52 ] ;22.200000000000003
[ 7 Octubre 2009 - 17 : 50 : 50 ] ;22.18
[ 7 Octubre 2009 - 17 : 51 : 49 ] ;22.14
[ 7 Octubre 2009 - 17 : 52 : 47 ] ;22.14
[ 7 Octubre 2009 - 17 : 53 : 45 ] ;22.14
[ 7 Octubre 2009 - 17 : 54 : 44 ] ;22.119999999999997
[ 7 Octubre 2009 - 17 : 55 : 42 ] ;22.1
[ 7 Octubre 2009 - 17 : 56 : 40 ] ;22.090000000000003
[ 7 Octubre 2009 - 17 : 57 : 39 ] ;22.08
[ 7 Octubre 2009 - 17 : 58 : 37 ] ;22.060000000000002
[ 7 Octubre 2009 - 17 : 59 : 35 ] ;22.060000000000002
[ 7 Octubre 2009 - 18 : 0 : 34 ] ;22.04
[ 7 Octubre 2009 - 18 : 1 : 32 ] ;22.060000000000002
[ 7 Octubre 2009 - 18 : 2 : 30 ] ;22.04
[ 7 Octubre 2009 - 18 : 3 : 29 ] ;22.020000000000003
[ 7 Octubre 2009 - 18 : 4 : 27 ] ;22.0
[ 7 Octubre 2009 - 18 : 5 : 25 ] ;21.990000000000002
[ 7 Octubre 2009 - 18 : 6 : 24 ] ;21.979999999999997
[ 7 Octubre 2009 - 18 : 7 : 22 ] ;21.96
[ 7 Octubre 2009 - 18 : 8 : 20 ] ;21.97
[ 7 Octubre 2009 - 18 : 9 : 19 ] ;21.950000000000003
[ 7 Octubre 2009 - 18 : 10 : 17 ] ;21.93
[ 7 Octubre 2009 - 18 : 11 : 16 ] ;21.92
[ 7 Octubre 2009 - 18 : 12 : 14 ] ;21.93
[ 7 Octubre 2009 - 18 : 13 : 12 ] ;21.89
[ 7 Octubre 2009 - 18 : 14 : 10 ] ;21.869999999999997
[ 7 Octubre 2009 - 18 : 15 : 9 ] ;21.9
[ 7 Octubre 2009 - 18 : 16 : 7 ] ;21.86
[ 7 Octubre 2009 - 18 : 17 : 6 ] ;21.86
[ 7 Octubre 2009 - 18 : 18 : 4 ] ;21.83
[ 7 Octubre 2009 - 18 : 19 : 2 ] ;21.840000000000003
[ 7 Octubre 2009 - 18 : 20 : 1 ] ;21.83
[ 7 Octubre 2009 - 18 : 20 : 59 ] ;21.83
[ 7 Octubre 2009 - 18 : 21 : 57 ] ;21.799999999999997
[ 7 Octubre 2009 - 18 : 22 : 55 ] ;21.78
[ 7 Octubre 2009 - 18 : 23 : 54 ] ;21.78
[ 7 Octubre 2009 - 18 : 24 : 52 ] ;21.759999999999998
[ 7 Octubre 2009 - 18 : 25 : 51 ] ;21.759999999999998
[ 7 Octubre 2009 - 18 : 26 : 49 ] ;21.740000000000002
[ 7 Octubre 2009 - 18 : 27 : 47 ] ;21.89
[ 7 Octubre 2009 - 18 : 28 : 45 ] ;21.880000000000003
[ 7 Octubre 2009 - 18 : 29 : 44 ] ;21.83
[ 7 Octubre 2009 - 18 : 30 : 42 ] ;21.869999999999997
[ 7 Octubre 2009 - 18 : 31 : 40 ] ;21.909999999999997
[ 7 Octubre 2009 - 18 : 32 : 39 ] ;21.939999999999998
[ 7 Octubre 2009 - 18 : 33 : 37 ] ;22.0
[ 7 Octubre 2009 - 18 : 34 : 35 ] ;22.04
[ 7 Octubre 2009 - 18 : 35 : 34 ] ;22.009999999999998
[ 7 Octubre 2009 - 18 : 36 : 32 ] ;22.04
[ 7 Octubre 2009 - 18 : 37 : 30 ] ;21.990000000000002
[ 7 Octubre 2009 - 18 : 38 : 29 ] ;22.0
[ 7 Octubre 2009 - 18 : 39 : 27 ] ;22.020000000000003
[ 7 Octubre 2009 - 18 : 40 : 26 ] ;22.020000000000003
[ 7 Octubre 2009 - 18 : 41 : 24 ] ;22.060000000000002
[ 7 Octubre 2009 - 18 : 42 : 22 ] ;22.08
[ 7 Octubre 2009 - 18 : 43 : 20 ] ;22.14
[ 7 Octubre 2009 - 18 : 44 : 19 ] ;22.07
[ 7 Octubre 2009 - 18 : 45 : 17 ] ;22.07
[ 7 Octubre 2009 - 18 : 46 : 16 ] ;22.07
[ 7 Octubre 2009 - 18 : 47 : 14 ] ;22.1
[ 7 Octubre 2009 - 18 : 48 : 12 ] ;22.04
[ 7 Octubre 2009 - 18 : 49 : 0 ] ;22.0
[ 7 Octubre 2009 - 18 : 49 : 11 ] ;22.060000000000002
[ 7 Octubre 2009 - 18 : 50 : 9 ] ;22.060000000000002
[ 7 Octubre 2009 - 18 : 51 : 7 ] ;22.07
[ 7 Octubre 2009 - 18 : 52 : 5 ] ;22.090000000000003
[ 7 Octubre 2009 - 18 : 53 : 4 ] ;22.049999999999997
[ 7 Octubre 2009 - 18 : 54 : 2 ] ;22.060000000000002
[ 7 Octubre 2009 - 18 : 55 : 1 ] ;21.950000000000003
[ 7 Octubre 2009 - 18 : 55 : 59 ] ;21.990000000000002
[ 7 Octubre 2009 - 18 : 56 : 57 ] ;21.950000000000003
[ 7 Octubre 2009 - 18 : 57 : 55 ] ;21.92
[ 7 Octubre 2009 - 18 : 58 : 54 ] ;21.86
[ 7 Octubre 2009 - 18 : 59 : 39 ] ;21.89
[ 7 Octubre 2009 - 18 : 59 : 52 ] ;21.92
[ 7 Octubre 2009 - 19 : 0 : 51 ] ;21.840000000000003
[ 7 Octubre 2009 - 19 : 5 : 4 ] ;21.770000000000003
[ 7 Octubre 2009 - 19 : 5 : 16 ] ;21.72
[ 7 Octubre 2009 - 19 : 6 : 16 ] ;21.58
[ 7 Octubre 2009 - 19 : 7 : 13 ] ;21.67
[ 7 Octubre 2009 - 19 : 8 : 11 ] ;21.65
[ 7 Octubre 2009 - 19 : 9 : 10 ] ;21.65
[ 7 Octubre 2009 - 19 : 10 : 8 ] ;21.619999999999997
[ 7 Octubre 2009 - 19 : 12 : 16 ] ;21.65
[ 7 Octubre 2009 - 19 : 12 : 32 ] ;21.61
[ 7 Octubre 2009 - 19 : 13 : 30 ] ;21.64
[ 8 Octubre 2009 - 18 : 45 : 31 ] ;20.799999999999997
[ 8 Octubre 2009 - 18 : 45 : 40 ] ;20.799999999999997
[ 8 Octubre 2009 - 19 : 3 : 52 ] ;20.78
[ 8 Octubre 2009 - 19 : 3 : 55 ] ;20.75
[ 8 Octubre 2009 - 19 : 4 : 23 ] ;20.79
[ 8 Octubre 2009 - 19 : 4 : 26 ] ;20.759999999999998
[ 8 Octubre 2009 - 19 : 5 : 59 ] ;20.759999999999998
[ 8 Octubre 2009 - 19 : 6 : 2 ] ;20.759999999999998
[ 8 Octubre 2009 - 19 : 11 : 49 ] ;20.78
[ 8 Octubre 2009 - 19 : 11 : 53 ] ;20.83
[ 8 Octubre 2009 - 19 : 12 : 51 ] ;20.89
[ 8 Octubre 2009 - 19 : 13 : 50 ] ;20.86
[ 8 Octubre 2009 - 19 : 14 : 48 ] ;20.82
[ 8 Octubre 2009 - 19 : 15 : 46 ] ;20.78
[ 8 Octubre 2009 - 19 : 16 : 45 ] ;20.839999999999996
[ 8 Octubre 2009 - 19 : 20 : 28 ] ;20.799999999999997
[ 8 Octubre 2009 - 19 : 20 : 31 ] ;20.83
[ 8 Octubre 2009 - 19 : 22 : 0 ] ;20.740000000000002
[ 8 Octubre 2009 - 19 : 22 : 3 ] ;20.78
[ 8 Octubre 2009 - 19 : 23 : 1 ] ;20.79
[ 8 Octubre 2009 - 19 : 26 : 33 ] ;20.68
[ 8 Octubre 2009 - 19 : 26 : 36 ] ;20.68
[ 8 Octubre 2009 - 19 : 27 : 35 ] ;20.68
[ 8 Octubre 2009 - 19 : 28 : 33 ] ;20.65
[ 8 Octubre 2009 - 19 : 29 : 31 ] ;20.700000000000003
[ 8 Octubre 2009 - 19 : 30 : 30 ] ;20.619999999999997
[ 8 Octubre 2009 - 19 : 31 : 28 ] ;20.659999999999997
[ 8 Octubre 2009 - 19 : 33 : 7 ] ;20.6
[ 8 Octubre 2009 - 19 : 33 : 10 ] ;20.68
[ 8 Octubre 2009 - 19 : 34 : 9 ] ;20.700000000000003
[ 8 Octubre 2009 - 19 : 35 : 7 ] ;20.65
[ 8 Octubre 2009 - 19 : 36 : 5 ] ;20.72
[ 8 Octubre 2009 - 19 : 37 : 4 ] ;20.72
[ 8 Octubre 2009 - 19 : 38 : 2 ] ;20.75
[ 8 Octubre 2009 - 19 : 39 : 20 ] ;20.75
[ 8 Octubre 2009 - 19 : 39 : 23 ] ;20.759999999999998
[ 8 Octubre 2009 - 19 : 40 : 22 ] ;20.740000000000002
[ 8 Octubre 2009 - 19 : 41 : 21 ] ;20.770000000000003
[ 8 Octubre 2009 - 19 : 42 : 19 ] ;20.770000000000003
[ 8 Octubre 2009 - 19 : 43 : 17 ] ;20.729999999999997
[ 8 Octubre 2009 - 19 : 44 : 15 ] ;20.659999999999997
[ 8 Octubre 2009 - 19 : 45 : 14 ] ;20.64
[ 8 Octubre 2009 - 19 : 46 : 12 ] ;20.54
[ 8 Octubre 2009 - 19 : 47 : 10 ] ;20.54
[ 8 Octubre 2009 - 19 : 48 : 57 ] ;20.6
[ 8 Octubre 2009 - 19 : 49 : 0 ] ;20.58
[ 8 Octubre 2009 - 19 : 49 : 59 ] ;20.36
[ 8 Octubre 2009 - 19 : 50 : 57 ] ;20.339999999999996
[ 8 Octubre 2009 - 19 : 51 : 56 ] ;20.32
[ 8 Octubre 2009 - 19 : 52 : 54 ] ;20.229999999999997
[ 8 Octubre 2009 - 19 : 53 : 52 ] ;20.299999999999997
[ 8 Octubre 2009 - 19 : 54 : 50 ] ;20.189999999999998
[ 8 Octubre 2009 - 19 : 55 : 49 ] ;20.25
[ 8 Octubre 2009 - 19 : 56 : 47 ] ;20.380000000000003
[ 8 Octubre 2009 - 19 : 57 : 45 ] ;20.299999999999997
[ 8 Octubre 2009 - 19 : 58 : 44 ] ;20.29
[ 8 Octubre 2009 - 19 : 59 : 42 ] ;20.32
[ 8 Octubre 2009 - 20 : 0 : 40 ] ;20.32
[ 8 Octubre 2009 - 20 : 1 : 39 ] ;20.229999999999997
[ 8 Octubre 2009 - 20 : 2 : 37 ] ;20.159999999999997
[ 8 Octubre 2009 - 20 : 3 : 36 ] ;20.159999999999997
[ 8 Octubre 2009 - 20 : 4 : 34 ] ;20.089999999999996
[ 8 Octubre 2009 - 20 : 5 : 32 ] ;20.08
[ 8 Octubre 2009 - 20 : 6 : 31 ] ;20.089999999999996
[ 8 Octubre 2009 - 20 : 7 : 29 ] ;20.1
[ 8 Octubre 2009 - 20 : 8 : 27 ] ;20.060000000000002
[ 8 Octubre 2009 - 20 : 9 : 26 ] ;20.060000000000002
[ 8 Octubre 2009 - 20 : 10 : 24 ] ;20.119999999999997
[ 8 Octubre 2009 - 20 : 11 : 22 ] ;20.200000000000003
[ 8 Octubre 2009 - 20 : 12 : 21 ] ;20.200000000000003
[ 8 Octubre 2009 - 20 : 13 : 19 ] ;20.17
[ 8 Octubre 2009 - 20 : 14 : 17 ] ;20.21
[ 8 Octubre 2009 - 20 : 15 : 15 ] ;20.200000000000003
[ 8 Octubre 2009 - 20 : 16 : 14 ] ;20.240000000000002
[ 8 Octubre 2009 - 20 : 17 : 12 ] ;20.130000000000003
[ 8 Octubre 2009 - 20 : 18 : 11 ] ;20.159999999999997
[ 8 Octubre 2009 - 20 : 19 : 9 ] ;20.1
[ 8 Octubre 2009 - 20 : 20 : 7 ] ;20.18
[ 8 Octubre 2009 - 20 : 21 : 5 ] ;20.229999999999997
[ 8 Octubre 2009 - 20 : 22 : 4 ] ;20.15
[ 8 Octubre 2009 - 20 : 23 : 3 ] ;20.18
[ 8 Octubre 2009 - 20 : 24 : 0 ] ;20.17
[ 8 Octubre 2009 - 20 : 24 : 59 ] ;20.159999999999997
[ 8 Octubre 2009 - 20 : 25 : 57 ] ;20.189999999999998
[ 8 Octubre 2009 - 20 : 48 : 3 ] ;20.200000000000003
[ 8 Octubre 2009 - 20 : 48 : 6 ] ;20.28
[ 8 Octubre 2009 - 21 : 9 : 4 ] ;20.14
[ 8 Octubre 2009 - 21 : 9 : 6 ] ;20.159999999999997
[ 9 Octubre 2009 - 17 : 49 : 24 ] ;23.86
[ 9 Octubre 2009 - 17 : 49 : 26 ] ;23.82
[ 9 Octubre 2009 - 17 : 49 : 31 ] ;23.86
[ 9 Octubre 2009 - 17 : 50 : 25 ] ;23.71
[ 9 Octubre 2009 - 17 : 51 : 23 ] ;23.61
[ 9 Octubre 2009 - 17 : 52 : 21 ] ;23.58
[ 9 Octubre 2009 - 17 : 53 : 20 ] ;23.509999999999998
[ 9 Octubre 2009 - 17 : 54 : 18 ] ;23.42
[ 9 Octubre 2009 - 17 : 55 : 17 ] ;23.409999999999997
[ 9 Octubre 2009 - 17 : 56 : 15 ] ;23.409999999999997
[ 9 Octubre 2009 - 17 : 57 : 13 ] ;23.35
[ 9 Octubre 2009 - 17 : 58 : 11 ] ;23.340000000000003
[ 9 Octubre 2009 - 17 : 59 : 10 ] ;23.299999999999997
[ 9 Octubre 2009 - 18 : 0 : 8 ] ;23.36
[ 9 Octubre 2009 - 18 : 1 : 6 ] ;23.340000000000003
[ 9 Octubre 2009 - 18 : 2 : 5 ] ;23.29
[ 9 Octubre 2009 - 18 : 3 : 3 ] ;23.299999999999997
[ 9 Octubre 2009 - 18 : 4 : 2 ] ;23.29
[ 9 Octubre 2009 - 18 : 5 : 0 ] ;23.229999999999997
[ 9 Octubre 2009 - 18 : 5 : 58 ] ;23.17
[ 9 Octubre 2009 - 18 : 6 : 57 ] ;23.130000000000003
[ 9 Octubre 2009 - 18 : 7 : 55 ] ;23.14
[ 9 Octubre 2009 - 18 : 8 : 53 ] ;23.14
[ 9 Octubre 2009 - 18 : 9 : 51 ] ;23.04
[ 9 Octubre 2009 - 18 : 10 : 50 ] ;23.049999999999997
[ 9 Octubre 2009 - 18 : 11 : 48 ] ;22.97
[ 9 Octubre 2009 - 18 : 12 : 46 ] ;22.950000000000003
[ 9 Octubre 2009 - 18 : 13 : 45 ] ;22.909999999999997
[ 9 Octubre 2009 - 18 : 14 : 43 ] ;22.93
[ 9 Octubre 2009 - 18 : 15 : 41 ] ;22.880000000000003
[ 9 Octubre 2009 - 18 : 16 : 40 ] ;22.840000000000003
[ 9 Octubre 2009 - 18 : 17 : 38 ] ;22.810000000000002
[ 9 Octubre 2009 - 18 : 18 : 36 ] ;22.770000000000003
[ 9 Octubre 2009 - 18 : 19 : 35 ] ;22.72
[ 9 Octubre 2009 - 18 : 20 : 33 ] ;22.729999999999997
[ 9 Octubre 2009 - 18 : 21 : 31 ] ;22.689999999999998
[ 9 Octubre 2009 - 18 : 22 : 30 ] ;22.689999999999998
[ 9 Octubre 2009 - 18 : 23 : 28 ] ;22.65
[ 9 Octubre 2009 - 18 : 24 : 26 ] ;22.61
[ 9 Octubre 2009 - 18 : 25 : 25 ] ;22.58
[ 9 Octubre 2009 - 18 : 26 : 23 ] ;22.58
[ 9 Octubre 2009 - 18 : 27 : 21 ] ;22.54
[ 9 Octubre 2009 - 18 : 28 : 20 ] ;22.520000000000003
[ 9 Octubre 2009 - 18 : 29 : 18 ] ;22.509999999999998
[ 9 Octubre 2009 - 18 : 30 : 17 ] ;22.5
[ 9 Octubre 2009 - 18 : 31 : 15 ] ;22.490000000000002
[ 9 Octubre 2009 - 18 : 32 : 13 ] ;22.46
[ 9 Octubre 2009 - 18 : 33 : 11 ] ;22.42
[ 9 Octubre 2009 - 18 : 34 : 10 ] ;22.380000000000003
[ 9 Octubre 2009 - 18 : 35 : 8 ] ;22.4
[ 9 Octubre 2009 - 18 : 36 : 7 ] ;22.380000000000003
[ 9 Octubre 2009 - 18 : 37 : 5 ] ;22.36
[ 9 Octubre 2009 - 18 : 38 : 3 ] ;22.340000000000003
[ 9 Octubre 2009 - 18 : 39 : 2 ] ;22.409999999999997
[ 9 Octubre 2009 - 18 : 40 : 0 ] ;22.380000000000003
[ 9 Octubre 2009 - 18 : 40 : 58 ] ;22.42
[ 9 Octubre 2009 - 18 : 41 : 57 ] ;22.409999999999997
[ 9 Octubre 2009 - 18 : 42 : 55 ] ;22.409999999999997
[ 9 Octubre 2009 - 18 : 43 : 53 ] ;22.4
[ 9 Octubre 2009 - 18 : 44 : 51 ] ;22.450000000000003
[ 9 Octubre 2009 - 18 : 45 : 50 ] ;22.4
[ 9 Octubre 2009 - 18 : 46 : 48 ] ;22.47
[ 9 Octubre 2009 - 18 : 47 : 46 ] ;22.46
[ 9 Octubre 2009 - 18 : 48 : 45 ] ;22.479999999999997
[ 9 Octubre 2009 - 18 : 49 : 43 ] ;22.46
[ 9 Octubre 2009 - 18 : 50 : 41 ] ;22.450000000000003
[ 9 Octubre 2009 - 18 : 51 : 40 ] ;22.5
[ 9 Octubre 2009 - 18 : 52 : 38 ] ;22.490000000000002
[ 9 Octubre 2009 - 18 : 53 : 36 ] ;22.46
[ 9 Octubre 2009 - 18 : 54 : 35 ] ;22.43
[ 9 Octubre 2009 - 18 : 55 : 33 ] ;22.439999999999998
[ 9 Octubre 2009 - 18 : 56 : 31 ] ;22.520000000000003
[ 9 Octubre 2009 - 18 : 57 : 30 ] ;22.439999999999998
[ 9 Octubre 2009 - 18 : 58 : 28 ] ;22.42
[ 9 Octubre 2009 - 18 : 59 : 27 ] ;22.4
[ 9 Octubre 2009 - 19 : 0 : 25 ] ;22.490000000000002
[ 9 Octubre 2009 - 19 : 1 : 23 ] ;22.4
[ 9 Octubre 2009 - 19 : 2 : 22 ] ;22.439999999999998
[ 9 Octubre 2009 - 19 : 3 : 20 ] ;22.46
[ 9 Octubre 2009 - 19 : 4 : 18 ] ;22.490000000000002
[ 9 Octubre 2009 - 19 : 5 : 17 ] ;22.450000000000003
[ 9 Octubre 2009 - 19 : 6 : 15 ] ;22.46
[ 9 Octubre 2009 - 19 : 7 : 13 ] ;22.380000000000003
[ 9 Octubre 2009 - 19 : 8 : 11 ] ;22.43
[ 9 Octubre 2009 - 19 : 9 : 10 ] ;22.380000000000003
[ 9 Octubre 2009 - 19 : 10 : 8 ] ;22.369999999999997
[ 9 Octubre 2009 - 19 : 11 : 7 ] ;22.36
[ 9 Octubre 2009 - 19 : 12 : 5 ] ;22.36
[ 9 Octubre 2009 - 19 : 13 : 3 ] ;22.36
[ 9 Octubre 2009 - 19 : 14 : 2 ] ;22.35
[ 9 Octubre 2009 - 19 : 15 : 0 ] ;22.43
[ 9 Octubre 2009 - 19 : 15 : 58 ] ;22.310000000000002
[ 9 Octubre 2009 - 19 : 16 : 57 ] ;22.340000000000003
[ 9 Octubre 2009 - 19 : 17 : 55 ] ;22.32
[ 9 Octubre 2009 - 19 : 18 : 53 ] ;22.33
[ 9 Octubre 2009 - 19 : 19 : 51 ] ;22.369999999999997
[ 9 Octubre 2009 - 19 : 20 : 50 ] ;22.299999999999997
[ 9 Octubre 2009 - 19 : 21 : 48 ] ;22.29
[ 9 Octubre 2009 - 19 : 22 : 47 ] ;22.340000000000003
[ 9 Octubre 2009 - 19 : 23 : 45 ] ;22.25
[ 9 Octubre 2009 - 19 : 24 : 43 ] ;22.310000000000002
[ 9 Octubre 2009 - 19 : 25 : 41 ] ;22.259999999999998
[ 9 Octubre 2009 - 19 : 26 : 40 ] ;22.28
[ 9 Octubre 2009 - 19 : 27 : 38 ] ;22.18
[ 9 Octubre 2009 - 19 : 28 : 36 ] ;22.229999999999997
[ 9 Octubre 2009 - 19 : 29 : 35 ] ;22.15
[ 9 Octubre 2009 - 19 : 30 : 33 ] ;22.119999999999997
[ 9 Octubre 2009 - 19 : 31 : 32 ] ;22.11
[ 9 Octubre 2009 - 19 : 32 : 30 ] ;22.159999999999997
[ 9 Octubre 2009 - 19 : 33 : 28 ] ;22.14
[ 9 Octubre 2009 - 19 : 34 : 27 ] ;22.17
[ 9 Octubre 2009 - 19 : 35 : 25 ] ;22.11
[ 9 Octubre 2009 - 19 : 36 : 23 ] ;22.18
[ 9 Octubre 2009 - 19 : 37 : 22 ] ;22.11
[ 9 Octubre 2009 - 19 : 38 : 20 ] ;22.18
[ 9 Octubre 2009 - 19 : 39 : 18 ] ;22.1
[ 9 Octubre 2009 - 19 : 40 : 16 ] ;22.060000000000002
[ 9 Octubre 2009 - 19 : 41 : 15 ] ;22.020000000000003
[ 9 Octubre 2009 - 19 : 42 : 13 ] ;22.14
[ 9 Octubre 2009 - 19 : 43 : 11 ] ;22.439999999999998
[ 9 Octubre 2009 - 19 : 44 : 10 ] ;22.479999999999997
[ 9 Octubre 2009 - 19 : 45 : 8 ] ;22.549999999999997
[ 9 Octubre 2009 - 19 : 46 : 6 ] ;22.6
[ 9 Octubre 2009 - 19 : 47 : 5 ] ;22.53
[ 9 Octubre 2009 - 19 : 48 : 3 ] ;22.47
[ 9 Octubre 2009 - 19 : 49 : 1 ] ;22.340000000000003
[ 9 Octubre 2009 - 19 : 50 : 0 ] ;22.29
[ 9 Octubre 2009 - 19 : 50 : 58 ] ;22.28
[ 10 Octubre 2009 - 17 : 0 : 2 ] ;24.229999999999997
[ 10 Octubre 2009 - 17 : 0 : 9 ] ;24.29
[ 10 Octubre 2009 - 17 : 0 : 16 ] ;24.199999999999996
[ 10 Octubre 2009 - 17 : 0 : 25 ] ;24.21
[ 10 Octubre 2009 - 17 : 1 : 3 ] ;24.139999999999993
[ 10 Octubre 2009 - 17 : 2 : 1 ] ;24.190000000000005
[ 10 Octubre 2009 - 17 : 3 : 0 ] ;24.139999999999993
[ 10 Octubre 2009 - 17 : 3 : 58 ] ;24.199999999999996
[ 10 Octubre 2009 - 17 : 4 : 56 ] ;24.18
[ 10 Octubre 2009 - 17 : 5 : 54 ] ;24.15
[ 10 Octubre 2009 - 17 : 6 : 53 ] ;24.18
[ 10 Octubre 2009 - 17 : 7 : 51 ] ;24.15
[ 10 Octubre 2009 - 17 : 8 : 49 ] ;24.139999999999993
[ 10 Octubre 2009 - 17 : 9 : 48 ] ;24.139999999999993
[ 10 Octubre 2009 - 17 : 10 : 46 ] ;24.160000000000004
[ 10 Octubre 2009 - 17 : 11 : 44 ] ;24.160000000000004
[ 10 Octubre 2009 - 17 : 12 : 43 ] ;24.059999999999995
[ 10 Octubre 2009 - 17 : 13 : 41 ] ;24.029999999999994
[ 10 Octubre 2009 - 17 : 14 : 39 ] ;23.970000000000006
[ 10 Octubre 2009 - 17 : 15 : 38 ] ;23.96
[ 10 Octubre 2009 - 17 : 16 : 36 ] ;23.869999999999997
[ 10 Octubre 2009 - 17 : 17 : 35 ] ;23.83
[ 10 Octubre 2009 - 17 : 18 : 33 ] ;23.729999999999997
[ 10 Octubre 2009 - 17 : 19 : 31 ] ;23.67
[ 10 Octubre 2009 - 17 : 20 : 30 ] ;23.630000000000003
[ 10 Octubre 2009 - 17 : 21 : 28 ] ;23.57
[ 10 Octubre 2009 - 17 : 22 : 26 ] ;23.61
[ 10 Octubre 2009 - 17 : 23 : 24 ] ;23.6
[ 10 Octubre 2009 - 17 : 24 : 23 ] ;23.64
[ 10 Octubre 2009 - 17 : 25 : 21 ] ;23.619999999999997
[ 10 Octubre 2009 - 17 : 26 : 19 ] ;23.61
[ 10 Octubre 2009 - 17 : 27 : 18 ] ;23.619999999999997
[ 10 Octubre 2009 - 17 : 28 : 16 ] ;23.64
[ 10 Octubre 2009 - 17 : 29 : 14 ] ;23.64
[ 10 Octubre 2009 - 17 : 30 : 13 ] ;23.6
[ 10 Octubre 2009 - 17 : 31 : 11 ] ;23.6
[ 10 Octubre 2009 - 17 : 34 : 14 ] ;23.770000000000003
[ 10 Octubre 2009 - 17 : 34 : 17 ] ;23.78
[ 10 Octubre 2009 - 17 : 34 : 51 ] ;23.759999999999998
[ 10 Octubre 2009 - 17 : 34 : 54 ] ;23.799999999999997
[ 10 Octubre 2009 - 17 : 35 : 53 ] ;23.810000000000002
[ 10 Octubre 2009 - 17 : 52 : 43 ] ;23.17
[ 10 Octubre 2009 - 17 : 52 : 47 ] ;23.15
[ 10 Octubre 2009 - 17 : 53 : 45 ] ;23.159999999999997
[ 10 Octubre 2009 - 17 : 54 : 43 ] ;23.200000000000003
[ 10 Octubre 2009 - 17 : 55 : 41 ] ;23.15
[ 10 Octubre 2009 - 17 : 56 : 40 ] ;23.189999999999998
[ 10 Octubre 2009 - 17 : 57 : 4 ] ;23.18
[ 10 Octubre 2009 - 17 : 57 : 7 ] ;23.189999999999998
[ 10 Octubre 2009 - 17 : 58 : 5 ] ;23.130000000000003
[ 10 Octubre 2009 - 17 : 58 : 8 ] ;23.159999999999997
[ 10 Octubre 2009 - 17 : 58 : 44 ] ;23.14
[ 10 Octubre 2009 - 17 : 58 : 48 ] ;23.130000000000003
[ 10 Octubre 2009 - 18 : 0 : 33 ] ;23.159999999999997
[ 10 Octubre 2009 - 18 : 0 : 37 ] ;23.159999999999997
[ 10 Octubre 2009 - 18 : 0 : 44 ] ;23.200000000000003
[ 10 Octubre 2009 - 18 : 0 : 48 ] ;23.200000000000003
[ 10 Octubre 2009 - 18 : 2 : 25 ] ;23.200000000000003
[ 10 Octubre 2009 - 18 : 2 : 29 ] ;23.189999999999998
[ 10 Octubre 2009 - 18 : 3 : 26 ] ;23.22
[ 10 Octubre 2009 - 18 : 4 : 25 ] ;23.25
[ 10 Octubre 2009 - 18 : 5 : 23 ] ;23.200000000000003
[ 10 Octubre 2009 - 18 : 6 : 22 ] ;23.22
[ 10 Octubre 2009 - 18 : 7 : 41 ] ;23.21
[ 10 Octubre 2009 - 18 : 7 : 45 ] ;23.21
[ 10 Octubre 2009 - 18 : 8 : 36 ] ;23.229999999999997
[ 10 Octubre 2009 - 18 : 8 : 39 ] ;23.259999999999998
[ 10 Octubre 2009 - 18 : 9 : 15 ] ;23.22
[ 10 Octubre 2009 - 18 : 9 : 18 ] ;23.21
[ 10 Octubre 2009 - 18 : 10 : 16 ] ;23.270000000000003
[ 10 Octubre 2009 - 18 : 11 : 13 ] ;23.18
[ 10 Octubre 2009 - 18 : 11 : 15 ] ;23.229999999999997
[ 10 Octubre 2009 - 18 : 12 : 45 ] ;23.270000000000003
[ 10 Octubre 2009 - 18 : 12 : 48 ] ;23.28
[ 10 Octubre 2009 - 18 : 13 : 40 ] ;23.240000000000002
[ 10 Octubre 2009 - 18 : 13 : 43 ] ;23.270000000000003
[ 10 Octubre 2009 - 18 : 25 : 47 ] ;23.020000000000003
[ 10 Octubre 2009 - 18 : 25 : 50 ] ;23.03
[ 10 Octubre 2009 - 18 : 26 : 49 ] ;23.049999999999997
[ 10 Octubre 2009 - 18 : 27 : 47 ] ;23.08
[ 10 Octubre 2009 - 18 : 28 : 45 ] ;23.090000000000003
[ 10 Octubre 2009 - 18 : 29 : 44 ] ;23.060000000000002
[ 10 Octubre 2009 - 18 : 30 : 42 ] ;23.060000000000002
[ 10 Octubre 2009 - 18 : 31 : 40 ] ;23.08
[ 10 Octubre 2009 - 18 : 32 : 39 ] ;23.049999999999997
[ 10 Octubre 2009 - 18 : 33 : 37 ] ;23.020000000000003
[ 10 Octubre 2009 - 18 : 34 : 35 ] ;23.090000000000003
[ 10 Octubre 2009 - 18 : 35 : 34 ] ;23.1
[ 10 Octubre 2009 - 18 : 36 : 20 ] ;23.049999999999997
[ 10 Octubre 2009 - 18 : 36 : 24 ] ;23.060000000000002
[ 10 Octubre 2009 - 18 : 37 : 22 ] ;23.020000000000003
[ 10 Octubre 2009 - 18 : 38 : 20 ] ;23.060000000000002
[ 10 Octubre 2009 - 18 : 39 : 19 ] ;23.04
[ 10 Octubre 2009 - 18 : 40 : 17 ] ;23.090000000000003
[ 10 Octubre 2009 - 18 : 41 : 15 ] ;23.119999999999997
[ 10 Octubre 2009 - 18 : 42 : 14 ] ;23.04
[ 10 Octubre 2009 - 18 : 43 : 12 ] ;23.159999999999997
[ 10 Octubre 2009 - 18 : 44 : 10 ] ;23.08
[ 10 Octubre 2009 - 18 : 45 : 9 ] ;23.159999999999997
[ 10 Octubre 2009 - 18 : 46 : 7 ] ;23.130000000000003
[ 10 Octubre 2009 - 18 : 47 : 5 ] ;23.1
[ 10 Octubre 2009 - 18 : 48 : 4 ] ;23.11
[ 10 Octubre 2009 - 18 : 49 : 2 ] ;23.090000000000003
[ 10 Octubre 2009 - 18 : 49 : 31 ] ;23.08
[ 10 Octubre 2009 - 18 : 50 : 31 ] ;23.130000000000003
[ 10 Octubre 2009 - 18 : 51 : 29 ] ;23.08
[ 10 Octubre 2009 - 18 : 52 : 28 ] ;23.1
[ 10 Octubre 2009 - 18 : 53 : 26 ] ;23.090000000000003
[ 10 Octubre 2009 - 18 : 54 : 24 ] ;23.04
[ 10 Octubre 2009 - 18 : 55 : 23 ] ;23.049999999999997
[ 10 Octubre 2009 - 18 : 56 : 21 ] ;23.07
[ 10 Octubre 2009 - 18 : 57 : 19 ] ;23.07
[ 10 Octubre 2009 - 18 : 58 : 18 ] ;23.08
[ 10 Octubre 2009 - 18 : 59 : 16 ] ;23.060000000000002
[ 10 Octubre 2009 - 19 : 0 : 14 ] ;23.049999999999997
[ 10 Octubre 2009 - 19 : 1 : 12 ] ;23.049999999999997
[ 10 Octubre 2009 - 19 : 2 : 11 ] ;23.060000000000002
[ 10 Octubre 2009 - 19 : 3 : 9 ] ;23.08
[ 10 Octubre 2009 - 19 : 3 : 26 ] ;23.049999999999997
[ 10 Octubre 2009 - 19 : 3 : 29 ] ;23.04
[ 10 Octubre 2009 - 19 : 4 : 27 ] ;22.979999999999997
[ 10 Octubre 2009 - 19 : 5 : 26 ] ;22.96
[ 10 Octubre 2009 - 19 : 6 : 25 ] ;22.97
[ 10 Octubre 2009 - 19 : 7 : 23 ] ;22.97
[ 10 Octubre 2009 - 19 : 8 : 21 ] ;22.979999999999997
[ 10 Octubre 2009 - 19 : 9 : 19 ] ;22.979999999999997
[ 10 Octubre 2009 - 19 : 10 : 18 ] ;23.0
[ 10 Octubre 2009 - 19 : 11 : 16 ] ;22.950000000000003
[ 10 Octubre 2009 - 19 : 12 : 14 ] ;22.92
[ 10 Octubre 2009 - 19 : 13 : 13 ] ;23.0
[ 10 Octubre 2009 - 19 : 14 : 11 ] ;23.0
[ 10 Octubre 2009 - 19 : 15 : 10 ] ;22.97
[ 10 Octubre 2009 - 19 : 16 : 8 ] ;22.939999999999998
[ 10 Octubre 2009 - 19 : 17 : 6 ] ;22.9
[ 10 Octubre 2009 - 19 : 18 : 5 ] ;22.86
[ 10 Octubre 2009 - 19 : 18 : 9 ] ;22.909999999999997
[ 14 Octubre 2009 - 15 : 2 : 44 ] ;18.9
[ 14 Octubre 2009 - 15 : 2 : 47 ] ;18.93
[ 14 Octubre 2009 - 15 : 6 : 23 ] ;18.92
[ 14 Octubre 2009 - 15 : 6 : 26 ] ;18.89
[ 14 Octubre 2009 - 15 : 7 : 24 ] ;19.0
[ 14 Octubre 2009 - 15 : 8 : 8 ] ;19.1
[ 14 Octubre 2009 - 15 : 8 : 23 ] ;19.07
[ 14 Octubre 2009 - 15 : 9 : 21 ] ;19.119999999999997
[ 14 Octubre 2009 - 15 : 10 : 19 ] ;19.08
[ 14 Octubre 2009 - 15 : 11 : 17 ] ;19.060000000000002
[ 14 Octubre 2009 - 15 : 12 : 16 ] ;19.020000000000003
[ 14 Octubre 2009 - 15 : 13 : 14 ] ;19.0
[ 14 Octubre 2009 - 15 : 14 : 10 ] ;19.03
[ 14 Octubre 2009 - 15 : 14 : 13 ] ;19.04
[ 14 Octubre 2009 - 15 : 15 : 11 ] ;19.04
[ 14 Octubre 2009 - 15 : 15 : 56 ] ;19.060000000000002
[ 14 Octubre 2009 - 15 : 16 : 9 ] ;19.009999999999998
[ 14 Octubre 2009 - 15 : 16 : 23 ] ;19.020000000000003
[ 14 Octubre 2009 - 15 : 17 : 8 ] ;18.979999999999997
[ 14 Octubre 2009 - 15 : 18 : 6 ] ;18.97
[ 14 Octubre 2009 - 15 : 19 : 4 ] ;18.939999999999998
[ 14 Octubre 2009 - 15 : 20 : 2 ] ;18.92
[ 14 Octubre 2009 - 15 : 21 : 1 ] ;18.880000000000003
[ 14 Octubre 2009 - 15 : 21 : 59 ] ;18.85
[ 14 Octubre 2009 - 15 : 22 : 57 ] ;18.839999999999996
[ 14 Octubre 2009 - 15 : 23 : 56 ] ;18.839999999999996
[ 14 Octubre 2009 - 15 : 24 : 54 ] ;18.86
[ 14 Octubre 2009 - 15 : 25 : 52 ] ;18.880000000000003
[ 14 Octubre 2009 - 15 : 26 : 51 ] ;18.869999999999997
[ 14 Octubre 2009 - 15 : 27 : 49 ] ;18.9
[ 14 Octubre 2009 - 15 : 28 : 47 ] ;19.0
[ 14 Octubre 2009 - 15 : 29 : 46 ] ;19.119999999999997
[ 14 Octubre 2009 - 15 : 30 : 44 ] ;19.119999999999997
[ 14 Octubre 2009 - 15 : 31 : 42 ] ;19.240000000000002
[ 14 Octubre 2009 - 15 : 32 : 41 ] ;19.22
[ 14 Octubre 2009 - 15 : 33 : 39 ] ;19.14
[ 14 Octubre 2009 - 15 : 34 : 37 ] ;19.060000000000002
[ 14 Octubre 2009 - 15 : 35 : 36 ] ;19.0
[ 14 Octubre 2009 - 15 : 36 : 34 ] ;19.009999999999998
[ 14 Octubre 2009 - 15 : 37 : 33 ] ;19.009999999999998
[ 14 Octubre 2009 - 15 : 38 : 31 ] ;19.0
[ 14 Octubre 2009 - 15 : 39 : 29 ] ;19.07
[ 14 Octubre 2009 - 15 : 40 : 28 ] ;19.04
[ 14 Octubre 2009 - 15 : 41 : 27 ] ;19.020000000000003
[ 14 Octubre 2009 - 15 : 42 : 24 ] ;19.060000000000002
[ 14 Octubre 2009 - 15 : 43 : 22 ] ;19.07
[ 14 Octubre 2009 - 15 : 44 : 21 ] ;19.089999999999996
[ 14 Octubre 2009 - 15 : 45 : 19 ] ;19.089999999999996
[ 14 Octubre 2009 - 15 : 46 : 18 ] ;19.089999999999996
[ 14 Octubre 2009 - 15 : 47 : 16 ] ;19.1
[ 14 Octubre 2009 - 15 : 48 : 14 ] ;19.119999999999997
[ 14 Octubre 2009 - 15 : 49 : 12 ] ;19.189999999999998
[ 14 Octubre 2009 - 15 : 50 : 11 ] ;19.17
[ 14 Octubre 2009 - 15 : 51 : 9 ] ;19.15
[ 14 Octubre 2009 - 15 : 52 : 7 ] ;19.130000000000003
[ 14 Octubre 2009 - 15 : 53 : 6 ] ;19.14
[ 14 Octubre 2009 - 15 : 54 : 4 ] ;19.14
[ 14 Octubre 2009 - 15 : 55 : 3 ] ;19.14
[ 14 Octubre 2009 - 15 : 56 : 1 ] ;19.159999999999997
[ 14 Octubre 2009 - 15 : 56 : 59 ] ;19.17
[ 14 Octubre 2009 - 15 : 57 : 57 ] ;19.200000000000003
[ 14 Octubre 2009 - 15 : 58 : 56 ] ;19.310000000000002
[ 14 Octubre 2009 - 15 : 59 : 54 ] ;19.42
[ 14 Octubre 2009 - 16 : 0 : 53 ] ;19.4
[ 14 Octubre 2009 - 16 : 1 : 51 ] ;19.450000000000003
[ 14 Octubre 2009 - 16 : 2 : 49 ] ;19.490000000000002
[ 14 Octubre 2009 - 16 : 3 : 48 ] ;19.54
[ 14 Octubre 2009 - 16 : 4 : 46 ] ;19.5
[ 14 Octubre 2009 - 16 : 5 : 44 ] ;19.46
[ 14 Octubre 2009 - 16 : 6 : 42 ] ;19.5
[ 14 Octubre 2009 - 16 : 7 : 41 ] ;19.520000000000003
[ 14 Octubre 2009 - 16 : 8 : 39 ] ;19.560000000000002
[ 14 Octubre 2009 - 16 : 9 : 37 ] ;19.5
[ 14 Octubre 2009 - 16 : 10 : 36 ] ;19.520000000000003
[ 14 Octubre 2009 - 16 : 11 : 20 ] ;19.490000000000002
[ 14 Octubre 2009 - 16 : 11 : 34 ] ;19.509999999999998
[ 14 Octubre 2009 - 16 : 12 : 33 ] ;19.439999999999998
[ 14 Octubre 2009 - 16 : 13 : 31 ] ;19.490000000000002
[ 14 Octubre 2009 - 16 : 14 : 29 ] ;19.520000000000003
[ 14 Octubre 2009 - 16 : 15 : 28 ] ;19.549999999999997
[ 14 Octubre 2009 - 16 : 16 : 26 ] ;19.6
[ 14 Octubre 2009 - 16 : 17 : 24 ] ;19.58
[ 14 Octubre 2009 - 16 : 18 : 22 ] ;19.549999999999997
[ 14 Octubre 2009 - 16 : 19 : 21 ] ;19.560000000000002
[ 14 Octubre 2009 - 16 : 20 : 19 ] ;19.53
[ 14 Octubre 2009 - 16 : 21 : 18 ] ;19.5
[ 14 Octubre 2009 - 16 : 22 : 16 ] ;19.5
[ 14 Octubre 2009 - 16 : 23 : 14 ] ;19.5
[ 14 Octubre 2009 - 16 : 24 : 12 ] ;19.450000000000003
[ 14 Octubre 2009 - 16 : 25 : 11 ] ;19.43
[ 14 Octubre 2009 - 16 : 26 : 9 ] ;19.380000000000003
[ 14 Octubre 2009 - 16 : 27 : 8 ] ;19.439999999999998
[ 14 Octubre 2009 - 16 : 28 : 6 ] ;19.439999999999998
[ 14 Octubre 2009 - 16 : 29 : 4 ] ;19.5
[ 14 Octubre 2009 - 16 : 30 : 3 ] ;19.5
[ 14 Octubre 2009 - 16 : 31 : 1 ] ;19.409999999999997
[ 14 Octubre 2009 - 16 : 31 : 59 ] ;19.479999999999997
[ 14 Octubre 2009 - 16 : 32 : 58 ] ;19.450000000000003
[ 14 Octubre 2009 - 16 : 33 : 56 ] ;19.380000000000003
[ 14 Octubre 2009 - 16 : 34 : 54 ] ;19.36
[ 14 Octubre 2009 - 16 : 35 : 53 ] ;19.450000000000003
[ 14 Octubre 2009 - 16 : 36 : 51 ] ;19.46
[ 14 Octubre 2009 - 16 : 37 : 49 ] ;19.409999999999997
[ 14 Octubre 2009 - 16 : 38 : 47 ] ;19.42
[ 14 Octubre 2009 - 16 : 39 : 46 ] ;19.479999999999997
[ 14 Octubre 2009 - 16 : 40 : 44 ] ;19.479999999999997
[ 14 Octubre 2009 - 16 : 41 : 42 ] ;19.47
[ 14 Octubre 2009 - 16 : 42 : 41 ] ;19.439999999999998
[ 14 Octubre 2009 - 16 : 43 : 39 ] ;19.35
[ 14 Octubre 2009 - 16 : 44 : 37 ] ;19.47
[ 14 Octubre 2009 - 16 : 45 : 36 ] ;19.4
[ 14 Octubre 2009 - 16 : 46 : 34 ] ;19.439999999999998
[ 14 Octubre 2009 - 16 : 47 : 33 ] ;19.439999999999998
[ 14 Octubre 2009 - 16 : 48 : 31 ] ;19.43
[ 14 Octubre 2009 - 16 : 49 : 29 ] ;19.339999999999996
[ 14 Octubre 2009 - 16 : 50 : 28 ] ;19.450000000000003
[ 14 Octubre 2009 - 16 : 51 : 26 ] ;19.43
[ 14 Octubre 2009 - 16 : 52 : 24 ] ;19.439999999999998
[ 14 Octubre 2009 - 16 : 53 : 23 ] ;19.509999999999998
[ 14 Octubre 2009 - 16 : 54 : 21 ] ;19.42
[ 14 Octubre 2009 - 16 : 55 : 19 ] ;19.5
[ 14 Octubre 2009 - 16 : 56 : 18 ] ;19.439999999999998
[ 14 Octubre 2009 - 16 : 57 : 16 ] ;19.380000000000003
[ 14 Octubre 2009 - 16 : 58 : 14 ] ;19.42
[ 14 Octubre 2009 - 16 : 59 : 13 ] ;19.39
[ 14 Octubre 2009 - 17 : 0 : 11 ] ;19.450000000000003
[ 14 Octubre 2009 - 17 : 1 : 9 ] ;19.409999999999997
[ 14 Octubre 2009 - 17 : 2 : 8 ] ;19.380000000000003
[ 14 Octubre 2009 - 17 : 3 : 6 ] ;19.36
[ 14 Octubre 2009 - 17 : 4 : 4 ] ;19.32
[ 14 Octubre 2009 - 17 : 5 : 3 ] ;19.380000000000003
[ 14 Octubre 2009 - 17 : 6 : 1 ] ;19.439999999999998
[ 14 Octubre 2009 - 17 : 6 : 59 ] ;19.4
[ 14 Octubre 2009 - 17 : 7 : 58 ] ;19.33
[ 14 Octubre 2009 - 17 : 8 : 56 ] ;19.32
[ 14 Octubre 2009 - 17 : 9 : 54 ] ;19.299999999999997
[ 14 Octubre 2009 - 17 : 10 : 53 ] ;19.310000000000002
[ 14 Octubre 2009 - 17 : 11 : 51 ] ;19.32
[ 14 Octubre 2009 - 17 : 12 : 49 ] ;19.339999999999996
[ 14 Octubre 2009 - 17 : 13 : 47 ] ;19.310000000000002
[ 14 Octubre 2009 - 17 : 14 : 46 ] ;19.22
[ 14 Octubre 2009 - 17 : 15 : 44 ] ;19.259999999999998
[ 14 Octubre 2009 - 17 : 16 : 42 ] ;19.22
[ 14 Octubre 2009 - 17 : 17 : 38 ] ;19.17
[ 14 Octubre 2009 - 17 : 18 : 38 ] ;19.18
[ 14 Octubre 2009 - 17 : 21 : 53 ] ;19.159999999999997
[ 14 Octubre 2009 - 17 : 21 : 56 ] ;19.14
[ 14 Octubre 2009 - 17 : 22 : 54 ] ;19.18
[ 14 Octubre 2009 - 17 : 23 : 53 ] ;19.14
[ 14 Octubre 2009 - 17 : 24 : 51 ] ;19.14
[ 14 Octubre 2009 - 17 : 26 : 18 ] ;19.159999999999997
[ 14 Octubre 2009 - 17 : 26 : 21 ] ;19.15
[ 14 Octubre 2009 - 17 : 27 : 20 ] ;19.189999999999998
[ 14 Octubre 2009 - 17 : 28 : 18 ] ;19.1
[ 14 Octubre 2009 - 17 : 29 : 16 ] ;19.089999999999996
[ 14 Octubre 2009 - 17 : 29 : 35 ] ;19.14
[ 14 Octubre 2009 - 17 : 29 : 38 ] ;19.130000000000003
[ 14 Octubre 2009 - 17 : 30 : 37 ] ;19.159999999999997
[ 14 Octubre 2009 - 17 : 31 : 35 ] ;19.119999999999997
[ 14 Octubre 2009 - 17 : 32 : 33 ] ;19.200000000000003
[ 14 Octubre 2009 - 17 : 33 : 31 ] ;19.240000000000002
[ 14 Octubre 2009 - 17 : 34 : 23 ] ;19.240000000000002
[ 14 Octubre 2009 - 17 : 34 : 26 ] ;19.25
[ 14 Octubre 2009 - 17 : 34 : 56 ] ;19.25
[ 14 Octubre 2009 - 17 : 35 : 0 ] ;19.259999999999998
[ 14 Octubre 2009 - 17 : 35 : 58 ] ;19.22
[ 14 Octubre 2009 - 17 : 36 : 56 ] ;19.229999999999997
[ 14 Octubre 2009 - 17 : 37 : 55 ] ;19.22
[ 14 Octubre 2009 - 17 : 38 : 3 ] ;19.200000000000003
[ 14 Octubre 2009 - 17 : 38 : 53 ] ;19.6
[ 14 Octubre 2009 - 17 : 39 : 52 ] ;20.54
[ 14 Octubre 2009 - 17 : 40 : 50 ] ;21.159999999999997
[ 14 Octubre 2009 - 17 : 41 : 48 ] ;21.490000000000002
[ 14 Octubre 2009 - 17 : 42 : 46 ] ;22.14
[ 14 Octubre 2009 - 17 : 43 : 45 ] ;22.740000000000002
[ 14 Octubre 2009 - 17 : 44 : 43 ] ;22.909999999999997
[ 14 Octubre 2009 - 17 : 45 : 41 ] ;23.009999999999998
[ 14 Octubre 2009 - 17 : 46 : 40 ] ;24.080000000000005
[ 14 Octubre 2009 - 17 : 47 : 38 ] ;23.999999999999993
[ 14 Octubre 2009 - 17 : 48 : 36 ] ;23.740000000000002
[ 14 Octubre 2009 - 17 : 49 : 35 ] ;23.82
[ 14 Octubre 2009 - 17 : 50 : 33 ] ;23.880000000000003
[ 14 Octubre 2009 - 17 : 51 : 31 ] ;24.059999999999995
[ 14 Octubre 2009 - 17 : 52 : 30 ] ;24.220000000000006
[ 14 Octubre 2009 - 17 : 53 : 28 ] ;24.419999999999995
[ 14 Octubre 2009 - 17 : 54 : 27 ] ;24.479999999999997
[ 14 Octubre 2009 - 17 : 55 : 25 ] ;24.639999999999993
[ 14 Octubre 2009 - 17 : 56 : 23 ] ;24.639999999999993
[ 14 Octubre 2009 - 17 : 57 : 21 ] ;24.79
[ 14 Octubre 2009 - 17 : 58 : 20 ] ;24.9
[ 14 Octubre 2009 - 17 : 59 : 18 ] ;24.869999999999997
[ 14 Octubre 2009 - 18 : 0 : 12 ] ;24.9
[ 14 Octubre 2009 - 18 : 0 : 17 ] ;24.949999999999996
[ 14 Octubre 2009 - 18 : 1 : 15 ] ;24.96
[ 14 Octubre 2009 - 18 : 2 : 13 ] ;25.169999999999995
[ 14 Octubre 2009 - 18 : 3 : 11 ] ;25.509999999999998
[ 14 Octubre 2009 - 18 : 4 : 10 ] ;25.270000000000003
[ 14 Octubre 2009 - 18 : 5 : 8 ] ;24.779999999999994
[ 14 Octubre 2009 - 18 : 6 : 0 ] ;24.440000000000005
[ 14 Octubre 2009 - 18 : 6 : 6 ] ;24.440000000000005
[ 14 Octubre 2009 - 18 : 7 : 5 ] ;24.15
[ 14 Octubre 2009 - 18 : 8 : 3 ] ;24.059999999999995
[ 14 Octubre 2009 - 18 : 10 : 42 ] ;23.47
[ 14 Octubre 2009 - 18 : 10 : 46 ] ;23.46
[ 14 Octubre 2009 - 18 : 11 : 12 ] ;23.299999999999997
[ 14 Octubre 2009 - 18 : 11 : 44 ] ;23.17
[ 14 Octubre 2009 - 18 : 12 : 42 ] ;23.229999999999997
[ 14 Octubre 2009 - 18 : 13 : 40 ] ;23.549999999999997
[ 14 Octubre 2009 - 18 : 13 : 45 ] ;23.560000000000002
[ 14 Octubre 2009 - 18 : 14 : 39 ] ;23.740000000000002
[ 14 Octubre 2009 - 18 : 15 : 38 ] ;23.999999999999993
[ 14 Octubre 2009 - 18 : 16 : 36 ] ;24.15
[ 14 Octubre 2009 - 18 : 17 : 34 ] ;24.369999999999997
[ 14 Octubre 2009 - 18 : 18 : 33 ] ;24.29
[ 14 Octubre 2009 - 18 : 19 : 31 ] ;24.270000000000003
[ 14 Octubre 2009 - 18 : 20 : 29 ] ;24.270000000000003
[ 14 Octubre 2009 - 18 : 21 : 27 ] ;24.119999999999997
[ 14 Octubre 2009 - 18 : 22 : 26 ] ;24.499999999999993
[ 14 Octubre 2009 - 18 : 23 : 24 ] ;24.169999999999995
[ 14 Octubre 2009 - 18 : 24 : 22 ] ;23.910000000000004
[ 14 Octubre 2009 - 18 : 25 : 21 ] ;23.54
[ 14 Octubre 2009 - 18 : 26 : 19 ] ;23.21
[ 14 Octubre 2009 - 18 : 27 : 17 ] ;23.67
[ 14 Octubre 2009 - 18 : 28 : 16 ] ;23.869999999999997
[ 14 Octubre 2009 - 18 : 29 : 14 ] ;24.020000000000003
[ 14 Octubre 2009 - 18 : 30 : 12 ] ;24.360000000000007
[ 14 Octubre 2009 - 18 : 31 : 11 ] ;24.330000000000005
[ 14 Octubre 2009 - 18 : 31 : 26 ] ;24.440000000000005
[ 14 Octubre 2009 - 18 : 32 : 8 ] ;24.490000000000002
[ 14 Octubre 2009 - 18 : 32 : 11 ] ;24.499999999999993
[ 14 Octubre 2009 - 18 : 32 : 35 ] ;24.509999999999998
[ 14 Octubre 2009 - 18 : 32 : 56 ] ;24.550000000000004
[ 14 Octubre 2009 - 18 : 33 : 10 ] ;24.479999999999997
[ 14 Octubre 2009 - 18 : 33 : 28 ] ;24.46
[ 14 Octubre 2009 - 18 : 34 : 9 ] ;24.229999999999997
[ 14 Octubre 2009 - 18 : 34 : 38 ] ;23.979999999999997
[ 14 Octubre 2009 - 18 : 35 : 7 ] ;23.78
[ 14 Octubre 2009 - 18 : 35 : 27 ] ;23.68
[ 14 Octubre 2009 - 18 : 35 : 58 ] ;23.46
[ 14 Octubre 2009 - 18 : 36 : 1 ] ;23.439999999999998
[ 14 Octubre 2009 - 18 : 36 : 25 ] ;23.46
[ 14 Octubre 2009 - 18 : 36 : 29 ] ;23.46
[ 14 Octubre 2009 - 18 : 37 : 26 ] ;23.42
[ 14 Octubre 2009 - 18 : 38 : 25 ] ;23.32
[ 14 Octubre 2009 - 18 : 39 : 23 ] ;23.07
[ 14 Octubre 2009 - 18 : 40 : 22 ] ;22.67
[ 14 Octubre 2009 - 18 : 41 : 20 ] ;22.409999999999997
[ 14 Octubre 2009 - 18 : 42 : 18 ] ;22.18
[ 14 Octubre 2009 - 18 : 43 : 17 ] ;21.979999999999997
[ 14 Octubre 2009 - 18 : 44 : 15 ] ;21.810000000000002
[ 14 Octubre 2009 - 18 : 45 : 13 ] ;21.659999999999997
[ 14 Octubre 2009 - 18 : 46 : 12 ] ;21.509999999999998
[ 14 Octubre 2009 - 18 : 47 : 10 ] ;21.46
[ 14 Octubre 2009 - 18 : 48 : 8 ] ;21.58
[ 14 Octubre 2009 - 18 : 48 : 56 ] ;21.950000000000003
[ 14 Octubre 2009 - 18 : 49 : 6 ] ;22.07
[ 14 Octubre 2009 - 18 : 50 : 5 ] ;22.72
[ 14 Octubre 2009 - 18 : 51 : 4 ] ;22.700000000000003
[ 14 Octubre 2009 - 18 : 52 : 2 ] ;22.560000000000002
[ 14 Octubre 2009 - 18 : 53 : 0 ] ;22.57
[ 14 Octubre 2009 - 18 : 53 : 58 ] ;22.68
[ 14 Octubre 2009 - 18 : 54 : 56 ] ;23.340000000000003
[ 14 Octubre 2009 - 18 : 55 : 55 ] ;23.479999999999997
[ 14 Octubre 2009 - 18 : 56 : 53 ] ;23.659999999999997
[ 14 Octubre 2009 - 18 : 57 : 19 ] ;23.6
[ 14 Octubre 2009 - 18 : 57 : 52 ] ;23.5
[ 14 Octubre 2009 - 18 : 58 : 50 ] ;23.29
[ 14 Octubre 2009 - 18 : 59 : 14 ] ;23.14
[ 14 Octubre 2009 - 18 : 59 : 21 ] ;23.189999999999998
[ 14 Octubre 2009 - 18 : 59 : 49 ] ;23.03
[ 14 Octubre 2009 - 19 : 0 : 47 ] ;22.759999999999998
[ 14 Octubre 2009 - 19 : 1 : 7 ] ;22.61
[ 14 Octubre 2009 - 19 : 1 : 45 ] ;22.54
[ 14 Octubre 2009 - 19 : 2 : 43 ] ;22.939999999999998
[ 14 Octubre 2009 - 19 : 3 : 42 ] ;22.85
[ 14 Octubre 2009 - 19 : 10 : 0 ] ;21.479999999999997
[ 14 Octubre 2009 - 19 : 10 : 3 ] ;21.509999999999998
[ 14 Octubre 2009 - 19 : 11 : 1 ] ;21.32
[ 14 Octubre 2009 - 19 : 12 : 0 ] ;21.46
[ 14 Octubre 2009 - 19 : 12 : 58 ] ;22.08
[ 14 Octubre 2009 - 19 : 13 : 57 ] ;22.630000000000003
[ 14 Octubre 2009 - 19 : 14 : 55 ] ;22.83
[ 14 Octubre 2009 - 19 : 15 : 53 ] ;23.0
[ 14 Octubre 2009 - 19 : 17 : 1 ] ;22.86
[ 14 Octubre 2009 - 19 : 17 : 4 ] ;22.869999999999997
[ 14 Octubre 2009 - 19 : 17 : 24 ] ;22.85
[ 14 Octubre 2009 - 19 : 18 : 2 ] ;22.799999999999997
[ 14 Octubre 2009 - 19 : 19 : 0 ] ;22.79
[ 14 Octubre 2009 - 19 : 19 : 59 ] ;22.93
[ 14 Octubre 2009 - 19 : 20 : 57 ] ;23.04
[ 14 Octubre 2009 - 19 : 21 : 55 ] ;23.08
[ 14 Octubre 2009 - 19 : 22 : 54 ] ;23.009999999999998
[ 14 Octubre 2009 - 19 : 23 : 52 ] ;22.82
[ 14 Octubre 2009 - 19 : 24 : 51 ] ;22.759999999999998
[ 14 Octubre 2009 - 19 : 25 : 49 ] ;22.770000000000003
[ 14 Octubre 2009 - 19 : 26 : 47 ] ;23.0
[ 14 Octubre 2009 - 19 : 27 : 46 ] ;23.14
[ 14 Octubre 2009 - 19 : 34 : 38 ] ;22.049999999999997
[ 14 Octubre 2009 - 19 : 34 : 42 ] ;22.03
[ 14 Octubre 2009 - 19 : 35 : 40 ] ;21.9
[ 14 Octubre 2009 - 19 : 36 : 38 ] ;22.049999999999997
[ 14 Octubre 2009 - 19 : 37 : 37 ] ;22.689999999999998
[ 14 Octubre 2009 - 19 : 38 : 36 ] ;23.009999999999998
[ 14 Octubre 2009 - 19 : 39 : 33 ] ;23.130000000000003
[ 14 Octubre 2009 - 19 : 40 : 32 ] ;22.979999999999997
[ 14 Octubre 2009 - 19 : 41 : 31 ] ;22.840000000000003
[ 14 Octubre 2009 - 19 : 42 : 29 ] ;22.810000000000002
[ 14 Octubre 2009 - 19 : 43 : 27 ] ;22.89
[ 14 Octubre 2009 - 19 : 44 : 25 ] ;22.9
[ 14 Octubre 2009 - 19 : 45 : 24 ] ;22.950000000000003
[ 14 Octubre 2009 - 19 : 46 : 22 ] ;23.0
[ 14 Octubre 2009 - 19 : 47 : 20 ] ;23.009999999999998
[ 14 Octubre 2009 - 19 : 48 : 19 ] ;22.950000000000003
[ 14 Octubre 2009 - 19 : 49 : 17 ] ;22.89
[ 14 Octubre 2009 - 19 : 50 : 15 ] ;22.82
[ 14 Octubre 2009 - 19 : 51 : 14 ] ;22.9
[ 14 Octubre 2009 - 19 : 52 : 12 ] ;22.93
[ 14 Octubre 2009 - 19 : 53 : 10 ] ;23.020000000000003
[ 14 Octubre 2009 - 19 : 54 : 8 ] ;22.96
[ 14 Octubre 2009 - 19 : 55 : 7 ] ;22.880000000000003
[ 14 Octubre 2009 - 19 : 56 : 6 ] ;22.89
[ 14 Octubre 2009 - 19 : 57 : 4 ] ;22.939999999999998
[ 14 Octubre 2009 - 19 : 58 : 2 ] ;23.03
[ 14 Octubre 2009 - 19 : 59 : 1 ] ;22.97
[ 14 Octubre 2009 - 19 : 59 : 59 ] ;22.990000000000002
[ 14 Octubre 2009 - 20 : 4 : 24 ] ;23.520000000000003
[ 14 Octubre 2009 - 20 : 4 : 27 ] ;23.57
[ 14 Octubre 2009 - 20 : 7 : 7 ] ;23.96
[ 14 Octubre 2009 - 20 : 7 : 10 ] ;23.940000000000005
[ 14 Octubre 2009 - 20 : 8 : 9 ] ;24.020000000000003
[ 14 Octubre 2009 - 20 : 9 : 7 ] ;24.240000000000002
[ 14 Octubre 2009 - 20 : 10 : 5 ] ;24.279999999999994
[ 14 Octubre 2009 - 20 : 11 : 4 ] ;24.32
[ 14 Octubre 2009 - 20 : 12 : 2 ] ;24.520000000000003
[ 14 Octubre 2009 - 20 : 13 : 1 ] ;24.759999999999998
[ 14 Octubre 2009 - 20 : 13 : 59 ] ;25.160000000000004
[ 14 Octubre 2009 - 20 : 14 : 57 ] ;25.04
[ 14 Octubre 2009 - 20 : 15 : 55 ] ;24.830000000000005
[ 14 Octubre 2009 - 20 : 16 : 54 ] ;24.630000000000003
[ 14 Octubre 2009 - 20 : 17 : 52 ] ;24.71
[ 14 Octubre 2009 - 20 : 18 : 50 ] ;24.809999999999995
[ 14 Octubre 2009 - 20 : 19 : 49 ] ;24.68
[ 14 Octubre 2009 - 20 : 20 : 47 ] ;24.720000000000006
[ 14 Octubre 2009 - 20 : 21 : 46 ] ;24.729999999999997
[ 14 Octubre 2009 - 20 : 22 : 44 ] ;24.690000000000005
[ 14 Octubre 2009 - 20 : 23 : 42 ] ;24.740000000000002
[ 14 Octubre 2009 - 20 : 24 : 40 ] ;24.749999999999993
[ 14 Octubre 2009 - 20 : 25 : 39 ] ;24.759999999999998
[ 14 Octubre 2009 - 20 : 26 : 37 ] ;24.729999999999997
[ 14 Octubre 2009 - 20 : 27 : 35 ] ;24.619999999999997
[ 14 Octubre 2009 - 20 : 28 : 34 ] ;24.639999999999993
[ 14 Octubre 2009 - 20 : 29 : 32 ] ;24.660000000000004
[ 14 Octubre 2009 - 20 : 36 : 13 ] ;25.9
[ 14 Octubre 2009 - 20 : 36 : 15 ] ;25.9
[ 14 Octubre 2009 - 20 : 37 : 13 ] ;26.050000000000004
[ 14 Octubre 2009 - 20 : 38 : 12 ] ;26.21
[ 14 Octubre 2009 - 20 : 39 : 10 ] ;26.279999999999994
[ 14 Octubre 2009 - 20 : 39 : 58 ] ;26.050000000000004
[ 14 Octubre 2009 - 20 : 40 : 8 ] ;25.970000000000006
[ 14 Octubre 2009 - 20 : 40 : 22 ] ;25.889999999999993
[ 14 Octubre 2009 - 20 : 40 : 25 ] ;25.919999999999995
[ 14 Octubre 2009 - 20 : 41 : 6 ] ;25.699999999999996
[ 14 Octubre 2009 - 20 : 41 : 23 ] ;25.630000000000003
[ 14 Octubre 2009 - 20 : 42 : 22 ] ;25.080000000000005
[ 14 Octubre 2009 - 20 : 43 : 20 ] ;24.82
[ 14 Octubre 2009 - 20 : 44 : 18 ] ;24.419999999999995
[ 14 Octubre 2009 - 20 : 45 : 17 ] ;24.32
[ 14 Octubre 2009 - 20 : 46 : 15 ] ;24.4
[ 14 Octubre 2009 - 20 : 47 : 13 ] ;24.720000000000006
[ 14 Octubre 2009 - 20 : 48 : 12 ] ;24.830000000000005
[ 14 Octubre 2009 - 20 : 49 : 10 ] ;24.96
[ 14 Octubre 2009 - 20 : 50 : 8 ] ;24.940000000000005
[ 14 Octubre 2009 - 20 : 51 : 7 ] ;24.970000000000006
[ 14 Octubre 2009 - 20 : 52 : 5 ] ;25.059999999999995
[ 14 Octubre 2009 - 20 : 53 : 3 ] ;24.880000000000003
[ 14 Octubre 2009 - 20 : 54 : 2 ] ;24.690000000000005
[ 14 Octubre 2009 - 20 : 55 : 0 ] ;24.93
[ 14 Octubre 2009 - 20 : 55 : 59 ] ;24.9
[ 14 Octubre 2009 - 20 : 56 : 57 ] ;24.740000000000002
[ 14 Octubre 2009 - 20 : 57 : 55 ] ;24.449999999999996
[ 14 Octubre 2009 - 20 : 58 : 54 ] ;24.080000000000005
[ 14 Octubre 2009 - 20 : 59 : 52 ] ;23.590000000000003
[ 14 Octubre 2009 - 21 : 0 : 50 ] ;23.259999999999998
[ 14 Octubre 2009 - 21 : 1 : 49 ] ;22.990000000000002
[ 14 Octubre 2009 - 21 : 2 : 47 ] ;22.689999999999998
[ 14 Octubre 2009 - 21 : 3 : 45 ] ;22.509999999999998
[ 14 Octubre 2009 - 21 : 4 : 44 ] ;22.32
[ 14 Octubre 2009 - 21 : 5 : 42 ] ;22.14
[ 14 Octubre 2009 - 21 : 6 : 40 ] ;22.020000000000003
[ 14 Octubre 2009 - 21 : 7 : 6 ] ;21.96
[ 14 Octubre 2009 - 21 : 7 : 38 ] ;21.93
[ 14 Octubre 2009 - 21 : 8 : 37 ] ;21.78
